Event;Player;Team;Rating
DreamHack Open Cluj-Napoca 2015;aizy;Dignitas;1.55
DreamHack Open Cluj-Napoca 2015;GuardiaN;Natus Vincere;1.30
DreamHack Open Cluj-Napoca 2015;Snax;Virtus.pro;1.29
DreamHack Open Cluj-Napoca 2015;kennyS;Envy;1.23
DreamHack Open Cluj-Napoca 2015;WorldEdit;FlipSid3;1.22
DreamHack Open Cluj-Napoca 2015;dupreeh;TSM;1.18
DreamHack Open Cluj-Napoca 2015;coldzera;Luminosity;1.18
DreamHack Open Cluj-Napoca 2015;jkaem;G2;1.16
DreamHack Open Cluj-Napoca 2015;NiKo;mousesports;1.16
DreamHack Open Cluj-Napoca 2015;flusha;fnatic;1.15
DreamHack Open Cluj-Napoca 2015;NBK-;Envy;1.14
DreamHack Open Cluj-Napoca 2015;Happy;Envy;1.14
DreamHack Open Cluj-Napoca 2015;KRIMZ;fnatic;1.14
DreamHack Open Cluj-Napoca 2015;shox;Titan;1.12
DreamHack Open Cluj-Napoca 2015;apEX;Envy;1.11
DreamHack Open Cluj-Napoca 2015;f0rest;NiP;1.10
DreamHack Open Cluj-Napoca 2015;seized;Natus Vincere;1.10
DreamHack Open Cluj-Napoca 2015;Furlan;Vexed;1.09
DreamHack Open Cluj-Napoca 2015;cajunb;TSM;1.08
DreamHack Open Cluj-Napoca 2015;RpK;Titan;1.07
DreamHack Open Cluj-Napoca 2015;fox;G2;1.07
DreamHack Open Cluj-Napoca 2015;kioShiMa;Envy;1.07
DreamHack Open Cluj-Napoca 2015;byali;Virtus.pro;1.06
DreamHack Open Cluj-Napoca 2015;dennis;G2;1.06
DreamHack Open Cluj-Napoca 2015;tarik;CLG;1.04
DreamHack Open Cluj-Napoca 2015;fer;Luminosity;1.03
DreamHack Open Cluj-Napoca 2015;nex;mousesports;1.02
DreamHack Open Cluj-Napoca 2015;Xyp9x;TSM;1.02
DreamHack Open Cluj-Napoca 2015;flamie;Natus Vincere;1.02
DreamHack Open Cluj-Napoca 2015;jdm64;CLG;1.02
DreamHack Open Cluj-Napoca 2015;pashaBiceps;Virtus.pro;1.01
DreamHack Open Cluj-Napoca 2015;Zeus;Natus Vincere;1.01
DreamHack Open Cluj-Napoca 2015;chrisJ;mousesports;1.00
DreamHack Open Cluj-Napoca 2015;boltz;Luminosity;0.99
DreamHack Open Cluj-Napoca 2015;GeT_RiGhT;NiP;0.99
DreamHack Open Cluj-Napoca 2015;device;TSM;0.98
DreamHack Open Cluj-Napoca 2015;olofmeister;fnatic;0.98
DreamHack Open Cluj-Napoca 2015;Xizt;NiP;0.98
DreamHack Open Cluj-Napoca 2015;seang@res;Cloud9;0.97
DreamHack Open Cluj-Napoca 2015;friberg;NiP;0.97
DreamHack Open Cluj-Napoca 2015;freakazoid;Cloud9;0.96
DreamHack Open Cluj-Napoca 2015;Maikelele;G2;0.96
DreamHack Open Cluj-Napoca 2015;allu;NiP;0.96
DreamHack Open Cluj-Napoca 2015;karrigan;TSM;0.95
DreamHack Open Cluj-Napoca 2015;Hyper;Vexed;0.95
DreamHack Open Cluj-Napoca 2015;rain;G2;0.93
DreamHack Open Cluj-Napoca 2015;GruBy;Vexed;0.93
DreamHack Open Cluj-Napoca 2015;Edward;Natus Vincere;0.92
DreamHack Open Cluj-Napoca 2015;FNS;CLG;0.92
DreamHack Open Cluj-Napoca 2015;EliGE;Liquid;0.92
DreamHack Open Cluj-Napoca 2015;shroud;Cloud9;0.91
DreamHack Open Cluj-Napoca 2015;steel;Luminosity;0.90
DreamHack Open Cluj-Napoca 2015;FugLy;Liquid;0.90
DreamHack Open Cluj-Napoca 2015;TaZ;Virtus.pro;0.90
DreamHack Open Cluj-Napoca 2015;nitr0;Liquid;0.87
DreamHack Open Cluj-Napoca 2015;NEO;Virtus.pro;0.87
DreamHack Open Cluj-Napoca 2015;adreN;Liquid;0.86
DreamHack Open Cluj-Napoca 2015;n0thing;Cloud9;0.85
DreamHack Open Cluj-Napoca 2015;Skadoodle;Cloud9;0.84
DreamHack Open Cluj-Napoca 2015;pronax;fnatic;0.84
DreamHack Open Cluj-Napoca 2015;bondik;FlipSid3;0.84
DreamHack Open Cluj-Napoca 2015;markeloff;FlipSid3;0.82
DreamHack Open Cluj-Napoca 2015;SmithZz;Titan;0.81
DreamHack Open Cluj-Napoca 2015;reltuC;CLG;0.80
DreamHack Open Cluj-Napoca 2015;Kjaerbye;Dignitas;0.79
DreamHack Open Cluj-Napoca 2015;ScreaM;Titan;0.79
DreamHack Open Cluj-Napoca 2015;denis;mousesports;0.79
DreamHack Open Cluj-Napoca 2015;JW;fnatic;0.77
DreamHack Open Cluj-Napoca 2015;rallen;Vexed;0.77
DreamHack Open Cluj-Napoca 2015;FalleN;Luminosity;0.77
DreamHack Open Cluj-Napoca 2015;peet;Vexed;0.77
DreamHack Open Cluj-Napoca 2015;Hiko;Liquid;0.76
DreamHack Open Cluj-Napoca 2015;Ex6TenZ;Titan;0.74
DreamHack Open Cluj-Napoca 2015;Pimp;Dignitas;0.70
DreamHack Open Cluj-Napoca 2015;hazed;CLG;0.67
DreamHack Open Cluj-Napoca 2015;gob b;mousesports;0.64
DreamHack Open Cluj-Napoca 2015;DavCost;FlipSid3;0.61
DreamHack Open Cluj-Napoca 2015;TENZKI;Dignitas;0.60
DreamHack Open Cluj-Napoca 2015;B1ad3;FlipSid3;0.59
DreamHack Open Cluj-Napoca 2015;MSL;Dignitas;0.41
DreamHack Winter 2013;JW;fnatic;1.26
DreamHack Winter 2013;COLON;Reason;1.25
DreamHack Winter 2013;Snax;UniversalSoldiers;1.22
DreamHack Winter 2013;Hiko;Complexity;1.21
DreamHack Winter 2013;znajder;fnatic;1.20
DreamHack Winter 2013;flusha;fnatic;1.19
DreamHack Winter 2013;Xyp9x;CPH Wolves;1.18
DreamHack Winter 2013;seized;Natus Vincere;1.18
DreamHack Winter 2013;dennis;LGB;1.16
DreamHack Winter 2013;Nico;CPH Wolves;1.14
DreamHack Winter 2013;f0rest;NiP;1.13
DreamHack Winter 2013;SmithZz;VeryGames;1.11
DreamHack Winter 2013;GeT_RiGhT;NiP;1.11
DreamHack Winter 2013;cadiaN;Xapso;1.10
DreamHack Winter 2013;Maniac;Recursive;1.10
DreamHack Winter 2013;n0thing;Complexity;1.10
DreamHack Winter 2013;friberg;NiP;1.10
DreamHack Winter 2013;shox;VeryGames;1.08
DreamHack Winter 2013;Happy;Recursive;1.08
DreamHack Winter 2013;SEMPHIS;Complexity;1.08
DreamHack Winter 2013;AdreN;Astana Dragons;1.07
DreamHack Winter 2013;twist;SK;1.06
DreamHack Winter 2013;EXR;Reason;1.05
DreamHack Winter 2013;dupreeh;CPH Wolves;1.04
DreamHack Winter 2013;olofmeister;LGB;1.04
DreamHack Winter 2013;markeloff;Astana Dragons;1.03
DreamHack Winter 2013;pashaBiceps;UniversalSoldiers;1.03
DreamHack Winter 2013;SKYTTEN;LGB;1.03
DreamHack Winter 2013;Maikelele;LGB;1.02
DreamHack Winter 2013;raalz;n!faculty;1.01
DreamHack Winter 2013;Dosia;Astana Dragons;1.01
DreamHack Winter 2013;apEX;Clan-Mystik;1.01
DreamHack Winter 2013;KQLY;Clan-Mystik;1.01
DreamHack Winter 2013;Xizt;NiP;1.01
DreamHack Winter 2013;NEO;UniversalSoldiers;0.99
DreamHack Winter 2013;FeTiSh;CPH Wolves;0.99
DreamHack Winter 2013;Ex6TenZ;VeryGames;0.97
DreamHack Winter 2013;Fifflaren;NiP;0.96
DreamHack Winter 2013;ANGE1;Astana Dragons;0.96
DreamHack Winter 2013;NBK-;VeryGames;0.93
DreamHack Winter 2013;DaZeD;iBUYPOWER;0.93
DreamHack Winter 2013;kennyS;Recursive;0.93
DreamHack Winter 2013;karrigan;n!faculty;0.92
DreamHack Winter 2013;ScreaM;VeryGames;0.92
DreamHack Winter 2013;swag;Complexity;0.92
DreamHack Winter 2013;KRIMZ;LGB;0.92
DreamHack Winter 2013;aizy;Xapso;0.92
DreamHack Winter 2013;GMX;Recursive;0.91
DreamHack Winter 2013;Devilwalk;fnatic;0.91
DreamHack Winter 2013;pronax;fnatic;0.91
DreamHack Winter 2013;device;CPH Wolves;0.90
DreamHack Winter 2013;Delpan;SK;0.89
DreamHack Winter 2013;smF;Reason;0.87
DreamHack Winter 2013;byali;UniversalSoldiers;0.87
DreamHack Winter 2013;Uzzziii;Recursive;0.86
DreamHack Winter 2013;gla1ve;n!faculty;0.85
DreamHack Winter 2013;Pimp;n!faculty;0.84
DreamHack Winter 2013;MSL;Reason;0.83
DreamHack Winter 2013;LOMME;Reason;0.83
DreamHack Winter 2013;ceh9;Natus Vincere;0.82
DreamHack Winter 2013;cajunb;n!faculty;0.82
DreamHack Winter 2013;anger;iBUYPOWER;0.80
DreamHack Winter 2013;kUcheR;Astana Dragons;0.80
DreamHack Winter 2013;AZK;iBUYPOWER;0.79
DreamHack Winter 2013;centeks;Xapso;0.78
DreamHack Winter 2013;Skadoodle;iBUYPOWER;0.76
DreamHack Winter 2013;seang@res;Complexity;0.76
DreamHack Winter 2013;Zeus;Natus Vincere;0.74
DreamHack Winter 2013;kioShiMa;Clan-Mystik;0.74
DreamHack Winter 2013;TaZ;UniversalSoldiers;0.72
DreamHack Winter 2013;adreN;iBUYPOWER;0.72
DreamHack Winter 2013;ultra;Xapso;0.65
DreamHack Winter 2013;pita;SK;0.62
DreamHack Winter 2013;tonyblack;Natus Vincere;0.60
DreamHack Winter 2013;ioRek;Clan-Mystik;0.60
DreamHack Winter 2013;HaRts;Clan-Mystik;0.59
DreamHack Winter 2013;xelos;SK;0.54
DreamHack Winter 2013;starix;Natus Vincere;0.52
DreamHack Winter 2013;MODDII;SK;0.51
DreamHack Winter 2013;robiin;Xapso;0.40
DreamHack Winter 2014;Snax;Virtus.pro;1.29
DreamHack Winter 2014;flusha;fnatic;1.26
DreamHack Winter 2014;pashaBiceps;Virtus.pro;1.23
DreamHack Winter 2014;olofmeister;fnatic;1.23
DreamHack Winter 2014;JW;fnatic;1.21
DreamHack Winter 2014;Happy;LDLC;1.17
DreamHack Winter 2014;f0rest;NiP;1.15
DreamHack Winter 2014;swag;iBUYPOWER;1.14
DreamHack Winter 2014;TaZ;Virtus.pro;1.14
DreamHack Winter 2014;byali;Virtus.pro;1.14
DreamHack Winter 2014;cajunb;Dignitas;1.13
DreamHack Winter 2014;GeT_RiGhT;NiP;1.12
DreamHack Winter 2014;s1mple;HellRaisers;1.12
DreamHack Winter 2014;Troubley;Planetkey;1.11
DreamHack Winter 2014;Edward;Natus Vincere;1.11
DreamHack Winter 2014;KRIMZ;fnatic;1.10
DreamHack Winter 2014;GuardiaN;Natus Vincere;1.10
DreamHack Winter 2014;SEMPHIS;Cloud9;1.10
DreamHack Winter 2014;Zeus;Natus Vincere;1.09
DreamHack Winter 2014;kioShiMa;LDLC;1.08
DreamHack Winter 2014;NBK-;LDLC;1.07
DreamHack Winter 2014;Skadoodle;iBUYPOWER;1.07
DreamHack Winter 2014;Maikelele;NiP;1.07
DreamHack Winter 2014;Xyp9x;Dignitas;1.05
DreamHack Winter 2014;NEO;Virtus.pro;1.05
DreamHack Winter 2014;dupreeh;Dignitas;1.04
DreamHack Winter 2014;rallen;ESC;1.04
DreamHack Winter 2014;friberg;NiP;1.04
DreamHack Winter 2014;shox;LDLC;1.03
DreamHack Winter 2014;innocent;ESC;1.03
DreamHack Winter 2014;device;Dignitas;1.03
DreamHack Winter 2014;Spiidi;PENTA;1.03
DreamHack Winter 2014;kUcheR;HellRaisers;1.02
DreamHack Winter 2014;berg;FlipSid3;0.98
DreamHack Winter 2014;nitr0;iBUYPOWER;0.98
DreamHack Winter 2014;denis;PENTA;0.97
DreamHack Winter 2014;seized;Natus Vincere;0.96
DreamHack Winter 2014;n0thing;Cloud9;0.95
DreamHack Winter 2014;Xizt;NiP;0.95
DreamHack Winter 2014;Hiko;Cloud9;0.94
DreamHack Winter 2014;twist;FlipSid3;0.93
DreamHack Winter 2014;desi;iBUYPOWER;0.91
DreamHack Winter 2014;starix;Natus Vincere;0.90
DreamHack Winter 2014;BENDJI;FlipSid3;0.90
DreamHack Winter 2014;zende;FlipSid3;0.90
DreamHack Winter 2014;cadiaN;CPH Wolves;0.90
DreamHack Winter 2014;ANGE1;HellRaisers;0.90
DreamHack Winter 2014;pronax;fnatic;0.90
DreamHack Winter 2014;SZPERO;ESC;0.88
DreamHack Winter 2014;FeTiSh;Dignitas;0.87
DreamHack Winter 2014;kRYSTAL;PENTA;0.86
DreamHack Winter 2014;SmithZz;LDLC;0.86
DreamHack Winter 2014;AcilioN;myXMG;0.86
DreamHack Winter 2014;shroud;Cloud9;0.86
DreamHack Winter 2014;mouz;ESC;0.86
DreamHack Winter 2014;seang@res;Cloud9;0.86
DreamHack Winter 2014;MSL;myXMG;0.84
DreamHack Winter 2014;AZK;iBUYPOWER;0.84
DreamHack Winter 2014;fel1x;PENTA;0.81
DreamHack Winter 2014;Kjaerbye;CPH Wolves;0.80
DreamHack Winter 2014;Dosia;HellRaisers;0.79
DreamHack Winter 2014;strux1;Planetkey;0.77
DreamHack Winter 2014;MINISE;ESC;0.74
DreamHack Winter 2014;markeloff;HellRaisers;0.73
DreamHack Winter 2014;Pimp;CPH Wolves;0.71
DreamHack Winter 2014;TENZKI;CPH Wolves;0.68
DreamHack Winter 2014;gla1ve;CPH Wolves;0.67
DreamHack Winter 2014;Friis;myXMG;0.67
DreamHack Winter 2014;blackpoisoN;Bravado;0.66
DreamHack Winter 2014;HUNDEN;myXMG;0.65
DreamHack Winter 2014;dumz;FlipSid3;0.63
DreamHack Winter 2014;stavros;Planetkey;0.61
DreamHack Winter 2014;alexRr;Planetkey;0.61
DreamHack Winter 2014;r0bs3n;PENTA;0.60
DreamHack Winter 2014;nex;Planetkey;0.59
DreamHack Winter 2014;smF;myXMG;0.53
DreamHack Winter 2014;racno;Bravado;0.44
DreamHack Winter 2014;Detrony;Bravado;0.38
DreamHack Winter 2014;cent;Bravado;0.36
DreamHack Winter 2014;deviaNt;Bravado;0.26
ELEAGUE Major 2017;flamie;Natus Vincere;1.36
ELEAGUE Major 2017;AdreN;Gambit;1.34
ELEAGUE Major 2017;EliGE;Liquid;1.30
ELEAGUE Major 2017;device;Astralis;1.29
ELEAGUE Major 2017;Snax;Virtus.pro;1.28
ELEAGUE Major 2017;coldzera;SK;1.28
ELEAGUE Major 2017;Lekr0;GODSENT;1.26
ELEAGUE Major 2017;Magisk;North;1.24
ELEAGUE Major 2017;kennyS;Envy;1.22
ELEAGUE Major 2017;Kjaerbye;Astralis;1.21
ELEAGUE Major 2017;s1mple;Natus Vincere;1.19
ELEAGUE Major 2017;fer;SK;1.18
ELEAGUE Major 2017;NBK-;Envy;1.17
ELEAGUE Major 2017;shox;G2;1.16
ELEAGUE Major 2017;RUSH;OpTic;1.15
ELEAGUE Major 2017;electronic;FlipSid3;1.14
ELEAGUE Major 2017;RpK;G2;1.12
ELEAGUE Major 2017;apEX;Envy;1.10
ELEAGUE Major 2017;fox;SK;1.10
ELEAGUE Major 2017;KRIMZ;fnatic;1.10
ELEAGUE Major 2017;Hobbit;Gambit;1.10
ELEAGUE Major 2017;JW;GODSENT;1.10
ELEAGUE Major 2017;gla1ve;Astralis;1.09
ELEAGUE Major 2017;seized;Natus Vincere;1.09
ELEAGUE Major 2017;flusha;GODSENT;1.09
ELEAGUE Major 2017;pashaBiceps;Virtus.pro;1.09
ELEAGUE Major 2017;allu;FaZe;1.08
ELEAGUE Major 2017;dupreeh;Astralis;1.08
ELEAGUE Major 2017;bodyy;G2;1.07
ELEAGUE Major 2017;markeloff;FlipSid3;1.07
ELEAGUE Major 2017;GuardiaN;Natus Vincere;1.07
ELEAGUE Major 2017;ANGE1;HellRaisers;1.07
ELEAGUE Major 2017;TaZ;Virtus.pro;1.07
ELEAGUE Major 2017;kioShiMa;FaZe;1.06
ELEAGUE Major 2017;twist;fnatic;1.06
ELEAGUE Major 2017;FalleN;SK;1.05
ELEAGUE Major 2017;Edward;Natus Vincere;1.05
ELEAGUE Major 2017;Pimp;Liquid;1.05
ELEAGUE Major 2017;NiKo;mousesports;1.05
ELEAGUE Major 2017;rain;FaZe;1.04
ELEAGUE Major 2017;cajunb;North;1.04
ELEAGUE Major 2017;chrisJ;mousesports;1.03
ELEAGUE Major 2017;Xyp9x;Astralis;1.02
ELEAGUE Major 2017;olofmeister;fnatic;1.02
ELEAGUE Major 2017;aizy;FaZe;1.02
ELEAGUE Major 2017;RUBINO;North;1.01
ELEAGUE Major 2017;mou;Gambit;1.01
ELEAGUE Major 2017;byali;Virtus.pro;1.00
ELEAGUE Major 2017;karrigan;FaZe;1.00
ELEAGUE Major 2017;Zeus;Gambit;0.98
ELEAGUE Major 2017;Dosia;Gambit;0.98
ELEAGUE Major 2017;mixwell;OpTic;0.97
ELEAGUE Major 2017;NAF;OpTic;0.97
ELEAGUE Major 2017;jdm64;Liquid;0.96
ELEAGUE Major 2017;B1ad3;FlipSid3;0.96
ELEAGUE Major 2017;znajder;GODSENT;0.96
ELEAGUE Major 2017;NEO;Virtus.pro;0.94
ELEAGUE Major 2017;WorldEdit;FlipSid3;0.94
ELEAGUE Major 2017;k0nfig;North;0.93
ELEAGUE Major 2017;TACO;SK;0.93
ELEAGUE Major 2017;Hiko;Liquid;0.93
ELEAGUE Major 2017;dennis;fnatic;0.92
ELEAGUE Major 2017;denis;mousesports;0.91
ELEAGUE Major 2017;Happy;Envy;0.90
ELEAGUE Major 2017;Zero;HellRaisers;0.90
ELEAGUE Major 2017;STYKO;HellRaisers;0.89
ELEAGUE Major 2017;loWel;mousesports;0.88
ELEAGUE Major 2017;tarik;OpTic;0.86
ELEAGUE Major 2017;disco doplan;fnatic;0.86
ELEAGUE Major 2017;stanislaw;OpTic;0.86
ELEAGUE Major 2017;SIXER;Envy;0.85
ELEAGUE Major 2017;nitr0;Liquid;0.85
ELEAGUE Major 2017;ScreaM;G2;0.81
ELEAGUE Major 2017;wayLander;FlipSid3;0.78
ELEAGUE Major 2017;MSL;North;0.77
ELEAGUE Major 2017;DeadFox;HellRaisers;0.76
ELEAGUE Major 2017;pronax;GODSENT;0.75
ELEAGUE Major 2017;SmithZz;G2;0.73
ELEAGUE Major 2017;bondik;HellRaisers;0.72
ELEAGUE Major 2017;Spiidi;mousesports;0.56
ELEAGUE Major 2018;flamie;Natus Vincere;1.39
ELEAGUE Major 2018;KRIMZ;fnatic;1.29
ELEAGUE Major 2018;Dosia;Gambit;1.25
ELEAGUE Major 2018;NiKo;FaZe;1.25
ELEAGUE Major 2018;GuardiaN;FaZe;1.24
ELEAGUE Major 2018;oskar;mousesports;1.23
ELEAGUE Major 2018;s1mple;Natus Vincere;1.23
ELEAGUE Major 2018;tarik;Cloud9;1.22
ELEAGUE Major 2018;olofmeister;FaZe;1.20
ELEAGUE Major 2018;autimatic;Cloud9;1.20
ELEAGUE Major 2018;shox;G2;1.19
ELEAGUE Major 2018;suNny;mousesports;1.18
ELEAGUE Major 2018;ropz;mousesports;1.16
ELEAGUE Major 2018;Lekr0;fnatic;1.16
ELEAGUE Major 2018;RUSH;Cloud9;1.15
ELEAGUE Major 2018;NBK-;G2;1.15
ELEAGUE Major 2018;Skadoodle;Cloud9;1.15
ELEAGUE Major 2018;rain;FaZe;1.15
ELEAGUE Major 2018;Stewie2K;Cloud9;1.14
ELEAGUE Major 2018;flusha;fnatic;1.14
ELEAGUE Major 2018;paz;Space Soldiers;1.13
ELEAGUE Major 2018;electronic;Natus Vincere;1.13
ELEAGUE Major 2018;coldzera;SK;1.13
ELEAGUE Major 2018;kennyS;G2;1.13
ELEAGUE Major 2018;EliGE;Liquid;1.12
ELEAGUE Major 2018;Edward;Natus Vincere;1.12
ELEAGUE Major 2018;Twistzz;Liquid;1.12
ELEAGUE Major 2018;bodyy;G2;1.11
ELEAGUE Major 2018;AdreN;Gambit;1.11
ELEAGUE Major 2018;MAJ3R;Space Soldiers;1.09
ELEAGUE Major 2018;Calyx;Space Soldiers;1.09
ELEAGUE Major 2018;XANTARES;Space Soldiers;1.08
ELEAGUE Major 2018;waterfaLLZ;Quantum Bellator Fire;1.07
ELEAGUE Major 2018;tabseN;BIG;1.06
ELEAGUE Major 2018;JW;fnatic;1.05
ELEAGUE Major 2018;dupreeh;Astralis;1.02
ELEAGUE Major 2018;fer;SK;1.02
ELEAGUE Major 2018;nitr0;Liquid;1.02
ELEAGUE Major 2018;FalleN;SK;1.01
ELEAGUE Major 2018;Kvik;Quantum Bellator Fire;1.00
ELEAGUE Major 2018;TACO;SK;0.99
ELEAGUE Major 2018;valde;North;0.99
ELEAGUE Major 2018;jdm64;Liquid;0.98
ELEAGUE Major 2018;aizy;North;0.98
ELEAGUE Major 2018;STYKO;mousesports;0.97
ELEAGUE Major 2018;felps;SK;0.96
ELEAGUE Major 2018;k0nfig;North;0.96
ELEAGUE Major 2018;hutji;Vega Squadron;0.95
ELEAGUE Major 2018;apEX;G2;0.93
ELEAGUE Major 2018;Golden;fnatic;0.93
ELEAGUE Major 2018;Boombl4;Quantum Bellator Fire;0.92
ELEAGUE Major 2018;mou;Gambit;0.91
ELEAGUE Major 2018;device;Astralis;0.91
ELEAGUE Major 2018;chrisJ;mousesports;0.91
ELEAGUE Major 2018;Zeus;Natus Vincere;0.90
ELEAGUE Major 2018;Xyp9x;Astralis;0.90
ELEAGUE Major 2018;Kjaerbye;Astralis;0.89
ELEAGUE Major 2018;karrigan;FaZe;0.88
ELEAGUE Major 2018;jmqa;Quantum Bellator Fire;0.88
ELEAGUE Major 2018;MSL;North;0.88
ELEAGUE Major 2018;Hobbit;Gambit;0.88
ELEAGUE Major 2018;balblna;Quantum Bellator Fire;0.87
ELEAGUE Major 2018;chopper;Vega Squadron;0.87
ELEAGUE Major 2018;LEGIJA;BIG;0.82
ELEAGUE Major 2018;keev;BIG;0.80
ELEAGUE Major 2018;keshandr;Vega Squadron;0.79
ELEAGUE Major 2018;jR;Vega Squadron;0.79
ELEAGUE Major 2018;gla1ve;Astralis;0.78
ELEAGUE Major 2018;nex;BIG;0.77
ELEAGUE Major 2018;ngiN;Space Soldiers;0.77
ELEAGUE Major 2018;fitch;Gambit;0.76
ELEAGUE Major 2018;Snax;Virtus.pro;0.76
ELEAGUE Major 2018;mir;Vega Squadron;0.75
ELEAGUE Major 2018;cajunb;North;0.73
ELEAGUE Major 2018;zews;Liquid;0.73
ELEAGUE Major 2018;gob b;BIG;0.71
ELEAGUE Major 2018;NEO;Virtus.pro;0.71
ELEAGUE Major 2018;byali;Virtus.pro;0.68
ELEAGUE Major 2018;TaZ;Virtus.pro;0.67
ELEAGUE Major 2018;pashaBiceps;Virtus.pro;0.66
EMS One Katowice 2014;pashaBiceps;Virtus.pro;1.38
EMS One Katowice 2014;GeT_RiGhT;NiP;1.33
EMS One Katowice 2014;byali;Virtus.pro;1.31
EMS One Katowice 2014;cajunb;Dignitas;1.27
EMS One Katowice 2014;shox;Titan;1.26
EMS One Katowice 2014;znajder;fnatic;1.25
EMS One Katowice 2014;flusha;fnatic;1.25
EMS One Katowice 2014;Snax;Virtus.pro;1.20
EMS One Katowice 2014;Dosia;HellRaisers;1.18
EMS One Katowice 2014;NEO;Virtus.pro;1.16
EMS One Katowice 2014;f0rest;NiP;1.16
EMS One Katowice 2014;Xizt;NiP;1.15
EMS One Katowice 2014;gla1ve;3DMAX;1.15
EMS One Katowice 2014;Xyp9x;Dignitas;1.15
EMS One Katowice 2014;swag;Complexity;1.13
EMS One Katowice 2014;ScreaM;Titan;1.13
EMS One Katowice 2014;kUcheR;HellRaisers;1.12
EMS One Katowice 2014;dennis;LGB;1.12
EMS One Katowice 2014;topguN;Vox Eminor;1.11
EMS One Katowice 2014;device;Dignitas;1.10
EMS One Katowice 2014;apEX;LDLC;1.07
EMS One Katowice 2014;starix;Natus Vincere;1.05
EMS One Katowice 2014;KRIMZ;LGB;1.04
EMS One Katowice 2014;dupreeh;Dignitas;1.04
EMS One Katowice 2014;LEGIJA;mousesports;1.04
EMS One Katowice 2014;kennyS;Clan-Mystik;1.03
EMS One Katowice 2014;DaZeD;iBUYPOWER;1.03
EMS One Katowice 2014;Maniac;LDLC;1.02
EMS One Katowice 2014;karrigan;Reason;1.02
EMS One Katowice 2014;smF;Reason;1.01
EMS One Katowice 2014;JW;fnatic;1.01
EMS One Katowice 2014;friberg;NiP;1.01
EMS One Katowice 2014;Happy;LDLC;1.01
EMS One Katowice 2014;EXR;Reason;1.00
EMS One Katowice 2014;Zeus;Natus Vincere;0.99
EMS One Katowice 2014;olofmeister;LGB;0.99
EMS One Katowice 2014;kioShiMa;Clan-Mystik;0.97
EMS One Katowice 2014;Fifflaren;NiP;0.96
EMS One Katowice 2014;Edward;Natus Vincere;0.96
EMS One Katowice 2014;markeloff;HellRaisers;0.95
EMS One Katowice 2014;AZR;Vox Eminor;0.93
EMS One Katowice 2014;twist;LGB;0.92
EMS One Katowice 2014;SnypeR;Vox Eminor;0.92
EMS One Katowice 2014;raalz;3DMAX;0.92
EMS One Katowice 2014;seized;Natus Vincere;0.91
EMS One Katowice 2014;MSL;3DMAX;0.91
EMS One Katowice 2014;Pimp;3DMAX;0.91
EMS One Katowice 2014;adreN;iBUYPOWER;0.89
EMS One Katowice 2014;SmithZz;Titan;0.88
EMS One Katowice 2014;NBK-;Titan;0.88
EMS One Katowice 2014;Friis;Reason;0.87
EMS One Katowice 2014;GuardiaN;Natus Vincere;0.86
EMS One Katowice 2014;cype;LGB;0.86
EMS One Katowice 2014;TaZ;Virtus.pro;0.85
EMS One Katowice 2014;Havoc;Vox Eminor;0.85
EMS One Katowice 2014;n0thing;Complexity;0.84
EMS One Katowice 2014;Hiko;Complexity;0.84
EMS One Katowice 2014;SEMPHIS;Complexity;0.84
EMS One Katowice 2014;anger;iBUYPOWER;0.83
EMS One Katowice 2014;ANGE1;HellRaisers;0.82
EMS One Katowice 2014;AZK;iBUYPOWER;0.82
EMS One Katowice 2014;Skadoodle;iBUYPOWER;0.81
EMS One Katowice 2014;seang@res;Complexity;0.80
EMS One Katowice 2014;GMX;Clan-Mystik;0.80
EMS One Katowice 2014;Sf;Clan-Mystik;0.80
EMS One Katowice 2014;aizy;3DMAX;0.80
EMS One Katowice 2014;chrisJ;mousesports;0.79
EMS One Katowice 2014;pronax;fnatic;0.78
EMS One Katowice 2014;Ex6TenZ;Titan;0.77
EMS One Katowice 2014;FeTiSh;Dignitas;0.77
EMS One Katowice 2014;Devilwalk;fnatic;0.76
EMS One Katowice 2014;AdreN;HellRaisers;0.75
EMS One Katowice 2014;HaRts;Clan-Mystik;0.75
EMS One Katowice 2014;cadiaN;mousesports;0.72
EMS One Katowice 2014;KQLY;LDLC;0.69
EMS One Katowice 2014;LOMME;Reason;0.67
EMS One Katowice 2014;Uzzziii;LDLC;0.65
EMS One Katowice 2014;tiziaN;mousesports;0.54
EMS One Katowice 2014;tabseN;mousesports;0.46
EMS One Katowice 2014;SPUNJ;Vox Eminor;0.44
ESL One Cologne 2014;swag;iBUYPOWER;1.43
ESL One Cologne 2014;apEX;LDLC;1.38
ESL One Cologne 2014;Dosia;HellRaisers;1.35
ESL One Cologne 2014;kioShiMa;Epsilon;1.33
ESL One Cologne 2014;kennyS;Titan;1.28
ESL One Cologne 2014;Snax;Virtus.pro;1.27
ESL One Cologne 2014;flusha;fnatic;1.24
ESL One Cologne 2014;Edward;Natus Vincere;1.22
ESL One Cologne 2014;shox;Epsilon;1.21
ESL One Cologne 2014;olofmeister;fnatic;1.19
ESL One Cologne 2014;Happy;LDLC;1.17
ESL One Cologne 2014;cajunb;CPH Wolves;1.15
ESL One Cologne 2014;device;Dignitas;1.14
ESL One Cologne 2014;friberg;NiP;1.14
ESL One Cologne 2014;dupreeh;Dignitas;1.13
ESL One Cologne 2014;Hiko;Cloud9;1.13
ESL One Cologne 2014;pashaBiceps;Virtus.pro;1.11
ESL One Cologne 2014;JW;fnatic;1.10
ESL One Cologne 2014;KQLY;LDLC;1.09
ESL One Cologne 2014;GeT_RiGhT;NiP;1.06
ESL One Cologne 2014;Havoc;Vox Eminor;1.06
ESL One Cologne 2014;Xizt;NiP;1.06
ESL One Cologne 2014;KRIMZ;fnatic;1.04
ESL One Cologne 2014;GuardiaN;Natus Vincere;1.04
ESL One Cologne 2014;byali;Virtus.pro;1.04
ESL One Cologne 2014;SEMPHIS;Cloud9;1.03
ESL One Cologne 2014;Xyp9x;Dignitas;1.03
ESL One Cologne 2014;AZR;Vox Eminor;1.03
ESL One Cologne 2014;shroud;Cloud9;1.01
ESL One Cologne 2014;FeTiSh;Dignitas;1.01
ESL One Cologne 2014;TaZ;Virtus.pro;1.01
ESL One Cologne 2014;aizy;Dignitas;1.01
ESL One Cologne 2014;f0rest;NiP;1.01
ESL One Cologne 2014;flamie;dAT;0.99
ESL One Cologne 2014;gla1ve;CPH Wolves;0.99
ESL One Cologne 2014;seang@res;Cloud9;0.97
ESL One Cologne 2014;Nico;CPH Wolves;0.97
ESL One Cologne 2014;seized;Natus Vincere;0.96
ESL One Cologne 2014;SmithZz;Titan;0.96
ESL One Cologne 2014;Sf;Epsilon;0.96
ESL One Cologne 2014;fxy0;Epsilon;0.95
ESL One Cologne 2014;markeloff;HellRaisers;0.94
ESL One Cologne 2014;starix;Natus Vincere;0.94
ESL One Cologne 2014;karrigan;CPH Wolves;0.94
ESL One Cologne 2014;GMX;Epsilon;0.93
ESL One Cologne 2014;NEO;Virtus.pro;0.91
ESL One Cologne 2014;ScreaM;Titan;0.90
ESL One Cologne 2014;Ex6TenZ;Titan;0.90
ESL One Cologne 2014;ANGE1;HellRaisers;0.85
ESL One Cologne 2014;n0thing;Cloud9;0.85
ESL One Cologne 2014;Maniac;LDLC;0.84
ESL One Cologne 2014;Uzzziii;LDLC;0.84
ESL One Cologne 2014;Zeus;Natus Vincere;0.82
ESL One Cologne 2014;rain;London Conspiracy;0.81
ESL One Cologne 2014;pronax;fnatic;0.80
ESL One Cologne 2014;Pimp;CPH Wolves;0.78
ESL One Cologne 2014;NBK-;Titan;0.74
ESL One Cologne 2014;Ace;Wolves;0.73
ESL One Cologne 2014;AZK;iBUYPOWER;0.72
ESL One Cologne 2014;Fifflaren;NiP;0.71
ESL One Cologne 2014;AdreN;HellRaisers;0.71
ESL One Cologne 2014;RiTz;Wolves;0.70
ESL One Cologne 2014;kUcheR;HellRaisers;0.69
ESL One Cologne 2014;DaZeD;iBUYPOWER;0.67
ESL One Cologne 2014;steel;iBUYPOWER;0.67
ESL One Cologne 2014;jks;Vox Eminor;0.66
ESL One Cologne 2014;WorldEdit;dAT;0.65
ESL One Cologne 2014;Skadoodle;iBUYPOWER;0.62
ESL One Cologne 2014;RUBINO;London Conspiracy;0.62
ESL One Cologne 2014;astaRR;Wolves;0.60
ESL One Cologne 2014;RiX;Wolves;0.60
ESL One Cologne 2014;B1ad3;dAT;0.59
ESL One Cologne 2014;bondik;dAT;0.58
ESL One Cologne 2014;ub1que;dAT;0.53
ESL One Cologne 2014;Polly;London Conspiracy;0.46
ESL One Cologne 2014;MithilF;Wolves;0.45
ESL One Cologne 2014;SPUNJ;Vox Eminor;0.40
ESL One Cologne 2014;Skurk;London Conspiracy;0.33
ESL One Cologne 2014;prb;London Conspiracy;0.30
ESL One Cologne 2014;topguN;Vox Eminor;0.30
ESL One Cologne 2015;flusha;fnatic;1.38
ESL One Cologne 2015;olofmeister;fnatic;1.25
ESL One Cologne 2015;device;TSM;1.25
ESL One Cologne 2015;KRIMZ;fnatic;1.17
ESL One Cologne 2015;TaZ;Virtus.pro;1.17
ESL One Cologne 2015;USTILO;Immunity;1.15
ESL One Cologne 2015;karrigan;TSM;1.14
ESL One Cologne 2015;denis;mousesports;1.14
ESL One Cologne 2015;jdm64;CLG;1.13
ESL One Cologne 2015;allu;NiP;1.13
ESL One Cologne 2015;SPUNJ;Renegades;1.13
ESL One Cologne 2015;Xyp9x;TSM;1.12
ESL One Cologne 2015;fer;Luminosity;1.12
ESL One Cologne 2015;tarik;CLG;1.11
ESL One Cologne 2015;f0rest;NiP;1.11
ESL One Cologne 2015;Snax;Virtus.pro;1.11
ESL One Cologne 2015;markeloff;FlipSid3;1.10
ESL One Cologne 2015;apEX;Envy;1.09
ESL One Cologne 2015;Rickeh;Immunity;1.09
ESL One Cologne 2015;coldzera;Luminosity;1.08
ESL One Cologne 2015;FalleN;Luminosity;1.08
ESL One Cologne 2015;byali;Virtus.pro;1.08
ESL One Cologne 2015;dupreeh;TSM;1.08
ESL One Cologne 2015;shox;Titan;1.04
ESL One Cologne 2015;B1ad3;FlipSid3;1.04
ESL One Cologne 2015;NEO;Virtus.pro;1.04
ESL One Cologne 2015;Happy;Envy;1.02
ESL One Cologne 2015;Skadoodle;Cloud9;1.01
ESL One Cologne 2015;JW;fnatic;1.01
ESL One Cologne 2015;ScreaM;Kinguin;1.01
ESL One Cologne 2015;bondik;FlipSid3;1.00
ESL One Cologne 2015;GeT_RiGhT;NiP;0.99
ESL One Cologne 2015;AZR;Renegades;0.99
ESL One Cologne 2015;NBK-;Envy;0.99
ESL One Cologne 2015;Hyper;eBettle;0.97
ESL One Cologne 2015;kioShiMa;Envy;0.97
ESL One Cologne 2015;GuardiaN;Natus Vincere;0.97
ESL One Cologne 2015;nex;mousesports;0.96
ESL One Cologne 2015;cajunb;TSM;0.96
ESL One Cologne 2015;Zeus;Natus Vincere;0.96
ESL One Cologne 2015;peet;eBettle;0.95
ESL One Cologne 2015;kennyS;Envy;0.94
ESL One Cologne 2015;pashaBiceps;Virtus.pro;0.94
ESL One Cologne 2015;shroud;Cloud9;0.93
ESL One Cologne 2015;boltz;Luminosity;0.93
ESL One Cologne 2015;Maikelele;Kinguin;0.93
ESL One Cologne 2015;jks;Renegades;0.93
ESL One Cologne 2015;Maniac;Titan;0.93
ESL One Cologne 2015;Xizt;NiP;0.92
ESL One Cologne 2015;pronax;fnatic;0.91
ESL One Cologne 2015;Edward;Natus Vincere;0.91
ESL One Cologne 2015;dennis;Kinguin;0.90
ESL One Cologne 2015;seized;Natus Vincere;0.90
ESL One Cologne 2015;flamie;Natus Vincere;0.90
ESL One Cologne 2015;gob b;mousesports;0.88
ESL One Cologne 2015;SmithZz;Titan;0.87
ESL One Cologne 2015;rain;Kinguin;0.86
ESL One Cologne 2015;chrisJ;mousesports;0.86
ESL One Cologne 2015;FNS;CLG;0.84
ESL One Cologne 2015;GruBy;eBettle;0.84
ESL One Cologne 2015;freakazoid;Cloud9;0.84
ESL One Cologne 2015;hazed;CLG;0.81
ESL One Cologne 2015;DavCost;FlipSid3;0.80
ESL One Cologne 2015;emagine;Immunity;0.79
ESL One Cologne 2015;RpK;Titan;0.78
ESL One Cologne 2015;reltuC;CLG;0.78
ESL One Cologne 2015;n0thing;Cloud9;0.76
ESL One Cologne 2015;friberg;NiP;0.75
ESL One Cologne 2015;fox;Kinguin;0.74
ESL One Cologne 2015;Spiidi;mousesports;0.73
ESL One Cologne 2015;yam;Renegades;0.73
ESL One Cologne 2015;seang@res;Cloud9;0.73
ESL One Cologne 2015;Ex6TenZ;Titan;0.72
ESL One Cologne 2015;steel;Luminosity;0.68
ESL One Cologne 2015;rallen;eBettle;0.64
ESL One Cologne 2015;WorldEdit;FlipSid3;0.62
ESL One Cologne 2015;Havoc;Renegades;0.62
ESL One Cologne 2015;James;Immunity;0.61
ESL One Cologne 2015;SnypeR;Immunity;0.51
ESL One Cologne 2015;Furlan;eBettle;0.43
ESL One Cologne 2016;coldzera;SK;1.37
ESL One Cologne 2016;device;Astralis;1.28
ESL One Cologne 2016;TACO;SK;1.25
ESL One Cologne 2016;KRIMZ;fnatic;1.22
ESL One Cologne 2016;FalleN;SK;1.19
ESL One Cologne 2016;mixwell;OpTic;1.19
ESL One Cologne 2016;fnx;SK;1.19
ESL One Cologne 2016;s1mple;Liquid;1.18
ESL One Cologne 2016;WorldEdit;FlipSid3;1.17
ESL One Cologne 2016;Edward;Natus Vincere;1.16
ESL One Cologne 2016;RUBINO;Dignitas;1.16
ESL One Cologne 2016;seized;Natus Vincere;1.15
ESL One Cologne 2016;EliGE;Liquid;1.15
ESL One Cologne 2016;flusha;fnatic;1.15
ESL One Cologne 2016;Xyp9x;Astralis;1.15
ESL One Cologne 2016;olofmeister;fnatic;1.14
ESL One Cologne 2016;RpK;G2;1.14
ESL One Cologne 2016;k0nfig;Dignitas;1.13
ESL One Cologne 2016;kennyS;Envy;1.13
ESL One Cologne 2016;dennis;fnatic;1.12
ESL One Cologne 2016;fer;SK;1.12
ESL One Cologne 2016;cajunb;Dignitas;1.11
ESL One Cologne 2016;GuardiaN;Natus Vincere;1.11
ESL One Cologne 2016;ScreaM;G2;1.10
ESL One Cologne 2016;gla1ve;Astralis;1.10
ESL One Cologne 2016;nitr0;Liquid;1.09
ESL One Cologne 2016;TaZ;Virtus.pro;1.09
ESL One Cologne 2016;Snax;Virtus.pro;1.08
ESL One Cologne 2016;AdreN;Gambit;1.08
ESL One Cologne 2016;wayLander;FlipSid3;1.08
ESL One Cologne 2016;markeloff;FlipSid3;1.07
ESL One Cologne 2016;NiKo;mousesports;1.07
ESL One Cologne 2016;f0rest;NiP;1.07
ESL One Cologne 2016;karrigan;Astralis;1.06
ESL One Cologne 2016;flamie;Natus Vincere;1.06
ESL One Cologne 2016;JW;fnatic;1.06
ESL One Cologne 2016;chrisJ;mousesports;1.05
ESL One Cologne 2016;pyth;NiP;1.04
ESL One Cologne 2016;GeT_RiGhT;NiP;1.03
ESL One Cologne 2016;Zeus;Natus Vincere;1.03
ESL One Cologne 2016;mou;Gambit;1.01
ESL One Cologne 2016;NEO;Virtus.pro;1.00
ESL One Cologne 2016;dupreeh;Astralis;0.99
ESL One Cologne 2016;apEX;Envy;0.99
ESL One Cologne 2016;Xizt;NiP;0.99
ESL One Cologne 2016;pashaBiceps;Virtus.pro;0.99
ESL One Cologne 2016;jdm64;Liquid;0.97
ESL One Cologne 2016;byali;Virtus.pro;0.97
ESL One Cologne 2016;hazed;CLG;0.95
ESL One Cologne 2016;B1ad3;FlipSid3;0.95
ESL One Cologne 2016;Hiko;Liquid;0.95
ESL One Cologne 2016;Spiidi;mousesports;0.95
ESL One Cologne 2016;spaze;Gambit;0.94
ESL One Cologne 2016;TENZKI;Dignitas;0.94
ESL One Cologne 2016;pita;CLG;0.93
ESL One Cologne 2016;shox;G2;0.91
ESL One Cologne 2016;SmithZz;G2;0.91
ESL One Cologne 2016;Shara;FlipSid3;0.91
ESL One Cologne 2016;rain;FaZe;0.89
ESL One Cologne 2016;aizy;FaZe;0.89
ESL One Cologne 2016;friberg;NiP;0.89
ESL One Cologne 2016;bodyy;G2;0.86
ESL One Cologne 2016;nex;mousesports;0.86
ESL One Cologne 2016;kioShiMa;FaZe;0.86
ESL One Cologne 2016;NBK-;Envy;0.85
ESL One Cologne 2016;jkaem;FaZe;0.84
ESL One Cologne 2016;fox;FaZe;0.83
ESL One Cologne 2016;MSL;Dignitas;0.83
ESL One Cologne 2016;Dosia;Gambit;0.81
ESL One Cologne 2016;RUSH;OpTic;0.78
ESL One Cologne 2016;reltuC;CLG;0.76
ESL One Cologne 2016;Happy;Envy;0.75
ESL One Cologne 2016;denis;mousesports;0.75
ESL One Cologne 2016;hooch;Gambit;0.75
ESL One Cologne 2016;NAF;OpTic;0.71
ESL One Cologne 2016;zonic;Astralis;0.71
ESL One Cologne 2016;koosta;CLG;0.66
ESL One Cologne 2016;DEVIL;Envy;0.65
ESL One Cologne 2016;stanislaw;OpTic;0.64
ESL One Cologne 2016;tarik;CLG;0.62
ESL One Cologne 2016;daps;OpTic;0.55
ESL One Katowice 2015;olofmeister;fnatic;1.31
ESL One Katowice 2015;rain;LGB;1.27
ESL One Katowice 2015;NEO;Virtus.pro;1.27
ESL One Katowice 2015;seized;Natus Vincere;1.24
ESL One Katowice 2015;GeT_RiGhT;NiP;1.20
ESL One Katowice 2015;GuardiaN;Natus Vincere;1.19
ESL One Katowice 2015;Snax;Virtus.pro;1.16
ESL One Katowice 2015;shox;Envy;1.13
ESL One Katowice 2015;cajunb;TSM;1.13
ESL One Katowice 2015;flusha;fnatic;1.12
ESL One Katowice 2015;KRIMZ;fnatic;1.11
ESL One Katowice 2015;boltz;Keyd;1.10
ESL One Katowice 2015;SmithZz;Envy;1.09
ESL One Katowice 2015;device;TSM;1.07
ESL One Katowice 2015;kRYSTAL;PENTA;1.06
ESL One Katowice 2015;NBK-;Envy;1.05
ESL One Katowice 2015;byali;Virtus.pro;1.04
ESL One Katowice 2015;dupreeh;TSM;1.03
ESL One Katowice 2015;pashaBiceps;Virtus.pro;1.03
ESL One Katowice 2015;Xizt;NiP;1.03
ESL One Katowice 2015;friberg;NiP;1.02
ESL One Katowice 2015;f0rest;NiP;1.01
ESL One Katowice 2015;Edward;Natus Vincere;1.01
ESL One Katowice 2015;Happy;Envy;1.00
ESL One Katowice 2015;allu;NiP;0.99
ESL One Katowice 2015;hazed;CLG;0.99
ESL One Katowice 2015;FalleN;Keyd;0.99
ESL One Katowice 2015;pronax;fnatic;0.98
ESL One Katowice 2015;shroud;Cloud9;0.98
ESL One Katowice 2015;Xyp9x;TSM;0.98
ESL One Katowice 2015;JW;fnatic;0.98
ESL One Katowice 2015;SEMPHIS;Cloud9;0.97
ESL One Katowice 2015;karrigan;TSM;0.97
ESL One Katowice 2015;AdreN;HellRaisers;0.97
ESL One Katowice 2015;TaZ;Virtus.pro;0.96
ESL One Katowice 2015;topguN;Vox Eminor;0.96
ESL One Katowice 2015;tarik;CLG;0.95
ESL One Katowice 2015;denis;PENTA;0.95
ESL One Katowice 2015;nex;PENTA;0.95
ESL One Katowice 2015;fer;Keyd;0.94
ESL One Katowice 2015;flamie;HellRaisers;0.93
ESL One Katowice 2015;Zeus;Natus Vincere;0.93
ESL One Katowice 2015;RUBINO;LGB;0.92
ESL One Katowice 2015;n0thing;Cloud9;0.92
ESL One Katowice 2015;disturbed;3DMAX;0.92
ESL One Katowice 2015;kennyS;Titan;0.92
ESL One Katowice 2015;kioShiMa;Envy;0.92
ESL One Katowice 2015;Havoc;Vox Eminor;0.91
ESL One Katowice 2015;jkaem;LGB;0.91
ESL One Katowice 2015;zEVES;LGB;0.89
ESL One Katowice 2015;Dosia;HellRaisers;0.88
ESL One Katowice 2015;kUcheR;HellRaisers;0.87
ESL One Katowice 2015;Troubley;PENTA;0.87
ESL One Katowice 2015;Maniac;Titan;0.86
ESL One Katowice 2015;RpK;Titan;0.86
ESL One Katowice 2015;FNS;CLG;0.85
ESL One Katowice 2015;AZR;Vox Eminor;0.85
ESL One Katowice 2015;ShahZaM;Cloud9;0.85
ESL One Katowice 2015;steel;Keyd;0.83
ESL One Katowice 2015;KHRN;3DMAX;0.82
ESL One Katowice 2015;Spiidi;PENTA;0.81
ESL One Katowice 2015;ptr;CLG;0.80
ESL One Katowice 2015;bondik;FlipSid3;0.80
ESL One Katowice 2015;seang@res;Cloud9;0.79
ESL One Katowice 2015;Polly;LGB;0.78
ESL One Katowice 2015;reltuC;CLG;0.78
ESL One Katowice 2015;DavCost;FlipSid3;0.77
ESL One Katowice 2015;xartE;3DMAX;0.75
ESL One Katowice 2015;starix;Natus Vincere;0.74
ESL One Katowice 2015;ANGE1;HellRaisers;0.74
ESL One Katowice 2015;jks;Vox Eminor;0.70
ESL One Katowice 2015;zqkS;Keyd;0.68
ESL One Katowice 2015;Ex6TenZ;Titan;0.64
ESL One Katowice 2015;apEX;Titan;0.64
ESL One Katowice 2015;stonde;3DMAX;0.64
ESL One Katowice 2015;SPUNJ;Vox Eminor;0.64
ESL One Katowice 2015;natu;3DMAX;0.60
ESL One Katowice 2015;WorldEdit;FlipSid3;0.44
ESL One Katowice 2015;markeloff;FlipSid3;0.43
ESL One Katowice 2015;B1ad3;FlipSid3;0.33
FACEIT Major 2018;electronic;Natus Vincere;1.36
FACEIT Major 2018;s1mple;Natus Vincere;1.34
FACEIT Major 2018;device;Astralis;1.26
FACEIT Major 2018;Magisk;Astralis;1.25
FACEIT Major 2018;olofmeister;FaZe;1.25
FACEIT Major 2018;dupreeh;Astralis;1.24
FACEIT Major 2018;smooya;BIG;1.24
FACEIT Major 2018;NAF;Liquid;1.24
FACEIT Major 2018;NiKo;FaZe;1.19
FACEIT Major 2018;Twistzz;Liquid;1.19
FACEIT Major 2018;flamie;Natus Vincere;1.18
FACEIT Major 2018;coldzera;MIBR;1.18
FACEIT Major 2018;EliGE;Liquid;1.17
FACEIT Major 2018;FalleN;MIBR;1.17
FACEIT Major 2018;woxic;HellRaisers;1.16
FACEIT Major 2018;Xyp9x;Astralis;1.16
FACEIT Major 2018;gla1ve;Astralis;1.15
FACEIT Major 2018;stanislaw;Complexity;1.15
FACEIT Major 2018;shox;G2;1.15
FACEIT Major 2018;ISSAA;HellRaisers;1.14
FACEIT Major 2018;KRIMZ;fnatic;1.14
FACEIT Major 2018;suNny;mousesports;1.13
FACEIT Major 2018;autimatic;Cloud9;1.12
FACEIT Major 2018;tabseN;BIG;1.09
FACEIT Major 2018;GeT_RiGhT;NiP;1.09
FACEIT Major 2018;kennyS;G2;1.09
FACEIT Major 2018;f0rest;NiP;1.09
FACEIT Major 2018;fer;MIBR;1.07
FACEIT Major 2018;bondik;HellRaisers;1.07
FACEIT Major 2018;tarik;MIBR;1.07
FACEIT Major 2018;GuardiaN;FaZe;1.07
FACEIT Major 2018;nitr0;Liquid;1.05
FACEIT Major 2018;BnTeT;TYLOO;1.05
FACEIT Major 2018;Edward;Natus Vincere;1.04
FACEIT Major 2018;nex;BIG;1.04
FACEIT Major 2018;ShahZaM;Complexity;1.04
FACEIT Major 2018;tonyblack;Vega Squadron;1.04
FACEIT Major 2018;rain;FaZe;1.04
FACEIT Major 2018;ANDROID;Complexity;1.03
FACEIT Major 2018;Skadoodle;Cloud9;1.02
FACEIT Major 2018;yay;Complexity;1.01
FACEIT Major 2018;Kvik;Winstrike;1.00
FACEIT Major 2018;dephh;Complexity;0.98
FACEIT Major 2018;jR;Vega Squadron;0.98
FACEIT Major 2018;STYKO;Cloud9;0.98
FACEIT Major 2018;DD;TYLOO;0.97
FACEIT Major 2018;Stewie2K;MIBR;0.97
FACEIT Major 2018;xccurate;TYLOO;0.96
FACEIT Major 2018;draken;fnatic;0.96
FACEIT Major 2018;JW;fnatic;0.96
FACEIT Major 2018;Zeus;Natus Vincere;0.95
FACEIT Major 2018;Golden;Cloud9;0.95
FACEIT Major 2018;jmqa;Winstrike;0.94
FACEIT Major 2018;RUSH;Cloud9;0.94
FACEIT Major 2018;chrisJ;mousesports;0.93
FACEIT Major 2018;karrigan;FaZe;0.93
FACEIT Major 2018;tiziaN;BIG;0.93
FACEIT Major 2018;bodyy;G2;0.93
FACEIT Major 2018;gob b;BIG;0.92
FACEIT Major 2018;Boombl4;Winstrike;0.91
FACEIT Major 2018;DeadFox;HellRaisers;0.89
FACEIT Major 2018;REZ;NiP;0.89
FACEIT Major 2018;chopper;Vega Squadron;0.88
FACEIT Major 2018;dennis;NiP;0.87
FACEIT Major 2018;oskar;mousesports;0.87
FACEIT Major 2018;ANGE1;HellRaisers;0.87
FACEIT Major 2018;Xizt;fnatic;0.86
FACEIT Major 2018;Lekr0;NiP;0.85
FACEIT Major 2018;crush;Vega Squadron;0.85
FACEIT Major 2018;TACO;Liquid;0.84
FACEIT Major 2018;ropz;mousesports;0.84
FACEIT Major 2018;SmithZz;G2;0.83
FACEIT Major 2018;flusha;fnatic;0.82
FACEIT Major 2018;balblna;Winstrike;0.82
FACEIT Major 2018;waterfaLLZ;Winstrike;0.81
FACEIT Major 2018;hutji;Vega Squadron;0.81
FACEIT Major 2018;Ex6TenZ;G2;0.78
FACEIT Major 2018;Snax;mousesports;0.69
FACEIT Major 2018;somebody;TYLOO;0.67
FACEIT Major 2018;captainMo;TYLOO;0.65
IEM Katowice 2019;device;Astralis;1.32
IEM Katowice 2019;s1mple;Natus Vincere;1.29
IEM Katowice 2019;Xyp9x;Astralis;1.29
IEM Katowice 2019;Magisk;Astralis;1.28
IEM Katowice 2019;coldzera;MIBR;1.26
IEM Katowice 2019;dupreeh;Astralis;1.24
IEM Katowice 2019;stanislaw;Complexity;1.20
IEM Katowice 2019;fer;MIBR;1.20
IEM Katowice 2019;flamie;Natus Vincere;1.20
IEM Katowice 2019;Brehze;NRG;1.19
IEM Katowice 2019;flusha;Cloud9;1.19
IEM Katowice 2019;autimatic;Cloud9;1.19
IEM Katowice 2019;nex;BIG;1.17
IEM Katowice 2019;NiKo;FaZe;1.15
IEM Katowice 2019;REZ;NiP;1.14
IEM Katowice 2019;apEX;Vitality;1.14
IEM Katowice 2019;ZywOo;Vitality;1.14
IEM Katowice 2019;Jame;AVANGAR;1.13
IEM Katowice 2019;electronic;Natus Vincere;1.13
IEM Katowice 2019;Twistzz;Liquid;1.13
IEM Katowice 2019;jks;Renegades;1.11
IEM Katowice 2019;woxic;HellRaisers;1.09
IEM Katowice 2019;nitr0;Liquid;1.08
IEM Katowice 2019;EliGE;Liquid;1.07
IEM Katowice 2019;xseveN;ENCE;1.06
IEM Katowice 2019;Ethan;NRG;1.06
IEM Katowice 2019;Lekr0;NiP;1.06
IEM Katowice 2019;Edward;Natus Vincere;1.06
IEM Katowice 2019;gla1ve;Astralis;1.05
IEM Katowice 2019;jkaem;Renegades;1.05
IEM Katowice 2019;rain;FaZe;1.05
IEM Katowice 2019;f0rest;NiP;1.05
IEM Katowice 2019;kioShiMa;Cloud9;1.04
IEM Katowice 2019;Stewie2K;Liquid;1.04
IEM Katowice 2019;GuardiaN;FaZe;1.03
IEM Katowice 2019;qikert;AVANGAR;1.03
IEM Katowice 2019;AdreN;FaZe;1.02
IEM Katowice 2019;allu;ENCE;1.01
IEM Katowice 2019;tabseN;BIG;1.01
IEM Katowice 2019;Aerial;ENCE;1.01
IEM Katowice 2019;sergej;ENCE;1.01
IEM Katowice 2019;ShahZaM;Complexity;1.01
IEM Katowice 2019;FalleN;MIBR;1.01
IEM Katowice 2019;NAF;Liquid;1.00
IEM Katowice 2019;ISSAA;HellRaisers;1.00
IEM Katowice 2019;XANTARES;BIG;1.00
IEM Katowice 2019;RUSH;Cloud9;0.98
IEM Katowice 2019;Aleksib;ENCE;0.98
IEM Katowice 2019;kennyS;G2;0.97
IEM Katowice 2019;felps;MIBR;0.96
IEM Katowice 2019;FugLy;NRG;0.96
IEM Katowice 2019;tiziaN;BIG;0.96
IEM Katowice 2019;TACO;MIBR;0.95
IEM Katowice 2019;buster;AVANGAR;0.95
IEM Katowice 2019;Lucky;G2;0.95
IEM Katowice 2019;Rickeh;Complexity;0.94
IEM Katowice 2019;Gratisfaction;Renegades;0.94
IEM Katowice 2019;Zeus;Natus Vincere;0.94
IEM Katowice 2019;n0thing;Complexity;0.94
IEM Katowice 2019;JaCkz;G2;0.93
IEM Katowice 2019;dephh;Complexity;0.92
IEM Katowice 2019;RpK;Vitality;0.92
IEM Katowice 2019;CeRq;NRG;0.91
IEM Katowice 2019;olofmeister;FaZe;0.91
IEM Katowice 2019;gob b;BIG;0.91
IEM Katowice 2019;GeT_RiGhT;NiP;0.91
IEM Katowice 2019;AZR;Renegades;0.91
IEM Katowice 2019;bodyy;G2;0.90
IEM Katowice 2019;NBK-;Vitality;0.88
IEM Katowice 2019;dennis;NiP;0.88
IEM Katowice 2019;Liazz;Renegades;0.87
IEM Katowice 2019;ALEX;Vitality;0.86
IEM Katowice 2019;Zellsis;Cloud9;0.86
IEM Katowice 2019;shox;G2;0.85
IEM Katowice 2019;KrizzeN;AVANGAR;0.85
IEM Katowice 2019;daps;NRG;0.85
IEM Katowice 2019;fitch;AVANGAR;0.81
IEM Katowice 2019;Hobbit;HellRaisers;0.80
IEM Katowice 2019;DeadFox;HellRaisers;0.71
IEM Katowice 2019;ANGE1;HellRaisers;0.63
MLG Columbus 2016;coldzera;Luminosity;1.32
MLG Columbus 2016;NiKo;mousesports;1.30
MLG Columbus 2016;Edward;Natus Vincere;1.28
MLG Columbus 2016;flamie;Natus Vincere;1.25
MLG Columbus 2016;s1mple;Liquid;1.24
MLG Columbus 2016;device;Astralis;1.22
MLG Columbus 2016;Shara;FlipSid3;1.21
MLG Columbus 2016;dupreeh;Astralis;1.20
MLG Columbus 2016;rain;FaZe;1.19
MLG Columbus 2016;bondik;FlipSid3;1.19
MLG Columbus 2016;fnx;Luminosity;1.18
MLG Columbus 2016;FalleN;Luminosity;1.18
MLG Columbus 2016;flusha;fnatic;1.18
MLG Columbus 2016;markeloff;FlipSid3;1.17
MLG Columbus 2016;jdm64;CLG;1.14
MLG Columbus 2016;byali;Virtus.pro;1.14
MLG Columbus 2016;tarik;CLG;1.14
MLG Columbus 2016;cajunb;Astralis;1.14
MLG Columbus 2016;fer;Luminosity;1.14
MLG Columbus 2016;Snax;Virtus.pro;1.14
MLG Columbus 2016;adreN;Liquid;1.14
MLG Columbus 2016;GeT_RiGhT;NiP;1.13
MLG Columbus 2016;JW;fnatic;1.13
MLG Columbus 2016;seized;Natus Vincere;1.13
MLG Columbus 2016;apEX;Envy;1.13
MLG Columbus 2016;Happy;Envy;1.09
MLG Columbus 2016;f0rest;NiP;1.09
MLG Columbus 2016;dennis;fnatic;1.07
MLG Columbus 2016;NEO;Virtus.pro;1.07
MLG Columbus 2016;Xyp9x;Astralis;1.07
MLG Columbus 2016;Hiko;Liquid;1.07
MLG Columbus 2016;TACO;Luminosity;1.06
MLG Columbus 2016;hazed;CLG;1.06
MLG Columbus 2016;KRIMZ;fnatic;1.06
MLG Columbus 2016;aizy;FaZe;1.06
MLG Columbus 2016;AdreN;Gambit;1.04
MLG Columbus 2016;Dosia;Gambit;1.03
MLG Columbus 2016;ScreaM;G2;1.02
MLG Columbus 2016;EliGE;Liquid;1.02
MLG Columbus 2016;chrisJ;mousesports;1.02
MLG Columbus 2016;WorldEdit;FlipSid3;1.02
MLG Columbus 2016;Spiidi;mousesports;1.01
MLG Columbus 2016;TaZ;Virtus.pro;1.01
MLG Columbus 2016;fox;FaZe;1.00
MLG Columbus 2016;shox;G2;0.99
MLG Columbus 2016;wayLander;Gambit;0.99
MLG Columbus 2016;NBK-;Envy;0.99
MLG Columbus 2016;hooch;Gambit;0.98
MLG Columbus 2016;RpK;G2;0.98
MLG Columbus 2016;olofmeister;fnatic;0.98
MLG Columbus 2016;pashaBiceps;Virtus.pro;0.98
MLG Columbus 2016;Zeus;Natus Vincere;0.97
MLG Columbus 2016;nitr0;Liquid;0.97
MLG Columbus 2016;denis;mousesports;0.97
MLG Columbus 2016;Ex6TenZ;G2;0.95
MLG Columbus 2016;Xizt;NiP;0.95
MLG Columbus 2016;GuardiaN;Natus Vincere;0.94
MLG Columbus 2016;reltuC;CLG;0.94
MLG Columbus 2016;DAVEY;Splyce;0.93
MLG Columbus 2016;DEVIL;Envy;0.93
MLG Columbus 2016;mou;Gambit;0.93
MLG Columbus 2016;B1ad3;FlipSid3;0.90
MLG Columbus 2016;Skadoodle;Cloud9;0.90
MLG Columbus 2016;friberg;NiP;0.90
MLG Columbus 2016;SmithZz;G2;0.90
MLG Columbus 2016;karrigan;Astralis;0.88
MLG Columbus 2016;Maikelele;FaZe;0.82
MLG Columbus 2016;jkaem;FaZe;0.80
MLG Columbus 2016;shroud;Cloud9;0.80
MLG Columbus 2016;THREAT;NiP;0.80
MLG Columbus 2016;nex;mousesports;0.80
MLG Columbus 2016;arya;Splyce;0.74
MLG Columbus 2016;FugLy;CLG;0.74
MLG Columbus 2016;kennyS;Envy;0.72
MLG Columbus 2016;Stewie2K;Cloud9;0.69
MLG Columbus 2016;n0thing;Cloud9;0.68
MLG Columbus 2016;Professor_Chaos;Splyce;0.56
MLG Columbus 2016;freakazoid;Cloud9;0.55
MLG Columbus 2016;jasonR;Splyce;0.44
MLG Columbus 2016;abE;Splyce;0.39
PGL Major Krakow 2017;s1mple;Natus Vincere;1.43
PGL Major Krakow 2017;coldzera;SK;1.40
PGL Major Krakow 2017;tabseN;BIG;1.30
PGL Major Krakow 2017;AdreN;Gambit;1.26
PGL Major Krakow 2017;suNny;PENTA;1.21
PGL Major Krakow 2017;dupreeh;Astralis;1.20
PGL Major Krakow 2017;nex;BIG;1.19
PGL Major Krakow 2017;k0nfig;North;1.17
PGL Major Krakow 2017;device;Astralis;1.17
PGL Major Krakow 2017;electronic;FlipSid3;1.15
PGL Major Krakow 2017;fer;SK;1.15
PGL Major Krakow 2017;cajunb;North;1.15
PGL Major Krakow 2017;mou;Gambit;1.14
PGL Major Krakow 2017;rain;FaZe;1.13
PGL Major Krakow 2017;Hobbit;Gambit;1.13
PGL Major Krakow 2017;kNgV-;Immortals;1.12
PGL Major Krakow 2017;HEN1;Immortals;1.12
PGL Major Krakow 2017;autimatic;Cloud9;1.12
PGL Major Krakow 2017;NiKo;FaZe;1.12
PGL Major Krakow 2017;byali;Virtus.pro;1.12
PGL Major Krakow 2017;Stewie2K;Cloud9;1.12
PGL Major Krakow 2017;pashaBiceps;Virtus.pro;1.11
PGL Major Krakow 2017;Skadoodle;Cloud9;1.11
PGL Major Krakow 2017;LUCAS1;Immortals;1.11
PGL Major Krakow 2017;zehN;PENTA;1.10
PGL Major Krakow 2017;denis;mousesports;1.10
PGL Major Krakow 2017;wayLander;FlipSid3;1.10
PGL Major Krakow 2017;NEO;Virtus.pro;1.08
PGL Major Krakow 2017;boltz;Immortals;1.08
PGL Major Krakow 2017;steel;Immortals;1.08
PGL Major Krakow 2017;JW;fnatic;1.07
PGL Major Krakow 2017;flamie;Natus Vincere;1.07
PGL Major Krakow 2017;Kjaerbye;Astralis;1.06
PGL Major Krakow 2017;oskar;mousesports;1.06
PGL Major Krakow 2017;Snax;Virtus.pro;1.06
PGL Major Krakow 2017;TaZ;Virtus.pro;1.05
PGL Major Krakow 2017;felps;SK;1.04
PGL Major Krakow 2017;Zeus;Gambit;1.03
PGL Major Krakow 2017;GuardiaN;Natus Vincere;1.03
PGL Major Krakow 2017;gla1ve;Astralis;1.03
PGL Major Krakow 2017;Xyp9x;Astralis;1.03
PGL Major Krakow 2017;olofmeister;fnatic;1.02
PGL Major Krakow 2017;LEGIJA;BIG;1.02
PGL Major Krakow 2017;aizy;North;1.02
PGL Major Krakow 2017;HS;PENTA;1.02
PGL Major Krakow 2017;FalleN;SK;1.01
PGL Major Krakow 2017;ropz;mousesports;1.01
PGL Major Krakow 2017;Dosia;Gambit;1.00
PGL Major Krakow 2017;keev;BIG;1.00
PGL Major Krakow 2017;kRYSTAL;PENTA;0.99
PGL Major Krakow 2017;markeloff;FlipSid3;0.98
PGL Major Krakow 2017;loWel;mousesports;0.98
PGL Major Krakow 2017;Magisk;North;0.98
PGL Major Krakow 2017;flusha;fnatic;0.98
PGL Major Krakow 2017;mir;Vega Squadron;0.98
PGL Major Krakow 2017;n0thing;Cloud9;0.97
PGL Major Krakow 2017;Edward;Natus Vincere;0.97
PGL Major Krakow 2017;kennyS;G2;0.95
PGL Major Krakow 2017;allu;FaZe;0.95
PGL Major Krakow 2017;KRIMZ;fnatic;0.95
PGL Major Krakow 2017;shox;G2;0.94
PGL Major Krakow 2017;dennis;fnatic;0.94
PGL Major Krakow 2017;NBK-;G2;0.94
PGL Major Krakow 2017;chrisJ;mousesports;0.93
PGL Major Krakow 2017;WorldEdit;FlipSid3;0.93
PGL Major Krakow 2017;gob b;BIG;0.91
PGL Major Krakow 2017;apEX;G2;0.90
PGL Major Krakow 2017;bodyy;G2;0.84
PGL Major Krakow 2017;innocent;PENTA;0.84
PGL Major Krakow 2017;TACO;SK;0.83
PGL Major Krakow 2017;seized;Natus Vincere;0.81
PGL Major Krakow 2017;shroud;Cloud9;0.80
PGL Major Krakow 2017;keshandr;Vega Squadron;0.80
PGL Major Krakow 2017;MSL;North;0.75
PGL Major Krakow 2017;jR;Vega Squadron;0.68
PGL Major Krakow 2017;chopper;Vega Squadron;0.68
PGL Major Krakow 2017;B1ad3;FlipSid3;0.67
PGL Major Krakow 2017;karrigan;FaZe;0.62
PGL Major Krakow 2017;kioShiMa;FaZe;0.61
PGL Major Krakow 2017;hutji;Vega Squadron;0.58
StarLadder Major Berlin 2019;electronic;Natus Vincere;1.31
StarLadder Major Berlin 2019;allu;ENCE;1.27
StarLadder Major Berlin 2019;Kjaerbye;North;1.27
StarLadder Major Berlin 2019;device;Astralis;1.26
StarLadder Major Berlin 2019;sergej;ENCE;1.24
StarLadder Major Berlin 2019;EliGE;Liquid;1.23
StarLadder Major Berlin 2019;Brehze;NRG;1.23
StarLadder Major Berlin 2019;ZywOo;Vitality;1.22
StarLadder Major Berlin 2019;s1mple;Natus Vincere;1.19
StarLadder Major Berlin 2019;Magisk;Astralis;1.15
StarLadder Major Berlin 2019;olofmeister;FaZe;1.15
StarLadder Major Berlin 2019;Jame;AVANGAR;1.14
StarLadder Major Berlin 2019;jkaem;Renegades;1.14
StarLadder Major Berlin 2019;Xyp9x;Astralis;1.14
StarLadder Major Berlin 2019;jks;Renegades;1.13
StarLadder Major Berlin 2019;ottoNd;CR4ZY;1.13
StarLadder Major Berlin 2019;CeRq;NRG;1.13
StarLadder Major Berlin 2019;buster;AVANGAR;1.11
StarLadder Major Berlin 2019;flamie;Natus Vincere;1.11
StarLadder Major Berlin 2019;dupreeh;Astralis;1.10
StarLadder Major Berlin 2019;Liazz;Renegades;1.10
StarLadder Major Berlin 2019;Aleksib;ENCE;1.10
StarLadder Major Berlin 2019;apEX;Vitality;1.09
StarLadder Major Berlin 2019;Twistzz;Liquid;1.09
StarLadder Major Berlin 2019;NAF;Liquid;1.09
StarLadder Major Berlin 2019;tarik;NRG;1.08
StarLadder Major Berlin 2019;AmaNEk;G2;1.07
StarLadder Major Berlin 2019;Boombl4;Natus Vincere;1.07
StarLadder Major Berlin 2019;rain;FaZe;1.07
StarLadder Major Berlin 2019;gade;North;1.07
StarLadder Major Berlin 2019;stanislaw;NRG;1.06
StarLadder Major Berlin 2019;ALEX;Vitality;1.05
StarLadder Major Berlin 2019;valde;North;1.05
StarLadder Major Berlin 2019;woxic;mousesports;1.05
StarLadder Major Berlin 2019;qikert;AVANGAR;1.05
StarLadder Major Berlin 2019;aizy;North;1.04
StarLadder Major Berlin 2019;EspiranTo;CR4ZY;1.02
StarLadder Major Berlin 2019;huNter-;CR4ZY;1.02
StarLadder Major Berlin 2019;nexa;CR4ZY;1.02
StarLadder Major Berlin 2019;chrisJ;mousesports;1.01
StarLadder Major Berlin 2019;Gratisfaction;Renegades;1.00
StarLadder Major Berlin 2019;RpK;Vitality;1.00
StarLadder Major Berlin 2019;NiKo;FaZe;1.00
StarLadder Major Berlin 2019;SANJI;AVANGAR;1.00
StarLadder Major Berlin 2019;Aerial;ENCE;0.99
StarLadder Major Berlin 2019;kennyS;G2;0.99
StarLadder Major Berlin 2019;ropz;mousesports;0.98
StarLadder Major Berlin 2019;AZR;Renegades;0.98
StarLadder Major Berlin 2019;shox;G2;0.98
StarLadder Major Berlin 2019;xseveN;ENCE;0.97
StarLadder Major Berlin 2019;Zeus;Natus Vincere;0.97
StarLadder Major Berlin 2019;JaCkz;G2;0.97
StarLadder Major Berlin 2019;JUGi;North;0.97
StarLadder Major Berlin 2019;Lucky;G2;0.97
StarLadder Major Berlin 2019;Ethan;NRG;0.96
StarLadder Major Berlin 2019;frozen;mousesports;0.96
StarLadder Major Berlin 2019;gla1ve;Astralis;0.95
StarLadder Major Berlin 2019;Lekr0;NiP;0.94
StarLadder Major Berlin 2019;Stewie2K;Liquid;0.92
StarLadder Major Berlin 2019;NEO;FaZe;0.92
StarLadder Major Berlin 2019;REZ;NiP;0.90
StarLadder Major Berlin 2019;nitr0;Liquid;0.90
StarLadder Major Berlin 2019;AdreN;AVANGAR;0.90
StarLadder Major Berlin 2019;GuardiaN;FaZe;0.88
StarLadder Major Berlin 2019;LUCAS1;MIBR;0.88
StarLadder Major Berlin 2019;TACO;MIBR;0.88
StarLadder Major Berlin 2019;karrigan;mousesports;0.87
StarLadder Major Berlin 2019;FalleN;MIBR;0.86
StarLadder Major Berlin 2019;NBK-;Vitality;0.84
StarLadder Major Berlin 2019;fer;MIBR;0.81
StarLadder Major Berlin 2019;svyat;DreamEaters;0.81
StarLadder Major Berlin 2019;LETN1;CR4ZY;0.78
StarLadder Major Berlin 2019;Krad;DreamEaters;0.75
StarLadder Major Berlin 2019;speed4k;DreamEaters;0.74
StarLadder Major Berlin 2019;GeT_RiGhT;NiP;0.74
StarLadder Major Berlin 2019;kinqie;DreamEaters;0.73
StarLadder Major Berlin 2019;Forester;DreamEaters;0.73
StarLadder Major Berlin 2019;Golden;NiP;0.73
StarLadder Major Berlin 2019;zews;MIBR;0.59
StarLadder Major Berlin 2019;f0rest;NiP;0.54
