Event;Date;Team;Winnings
DreamHack Winter 2013;2013-11-30T11:00:00.000Z;fnatic     ;100000
DreamHack Winter 2013;2013-11-30T11:00:00.000Z;NiP        ;50000
DreamHack Winter 2013;2013-11-30T11:00:00.000Z;VeryGames  ;22000
DreamHack Winter 2013;2013-11-30T11:00:00.000Z;Complexity ;22000
DreamHack Winter 2013;2013-11-30T11:00:00.000Z;LGB        ;10000
DreamHack Winter 2013;2013-11-30T11:00:00.000Z;Recursive  ;10000
DreamHack Winter 2013;2013-11-30T11:00:00.000Z;Reason     ;2000
DreamHack Winter 2013;2013-11-30T11:00:00.000Z;SK         ;2000
DreamHack Winter 2013;2013-11-30T11:00:00.000Z;Xapso      ;2000
DreamHack Winter 2013;2013-11-30T11:00:00.000Z;iBUYPOWER  ;2000
DreamHack Winter 2013;2013-11-30T11:00:00.000Z;Dignitas   ;
DreamHack Winter 2013;2013-11-30T11:00:00.000Z;LDLC       ;
DreamHack Winter 2013;2013-11-30T11:00:00.000Z;HellRaisers;
DreamHack Winter 2013;2013-11-30T11:00:00.000Z;3DMAX      ;
DreamHack Winter 2013;2013-11-30T11:00:00.000Z;Titan      ;
DreamHack Winter 2013;2013-11-30T11:00:00.000Z;mousesports;
DreamHack Winter 2013;2013-11-30T11:00:00.000Z;Cloud9     ;
DreamHack Winter 2013;2013-11-30T11:00:00.000Z;Epsilon    ;
DreamHack Winter 2013;2013-11-30T11:00:00.000Z;Wolves     ;
DreamHack Winter 2013;2013-11-30T11:00:00.000Z;dAT        ;
DreamHack Winter 2013;2013-11-30T11:00:00.000Z;PENTA      ;
DreamHack Winter 2013;2013-11-30T11:00:00.000Z;ESC        ;
DreamHack Winter 2013;2013-11-30T11:00:00.000Z;FlipSid3   ;
DreamHack Winter 2013;2013-11-30T11:00:00.000Z;Bravado    ;
DreamHack Winter 2013;2013-11-30T11:00:00.000Z;myXMG      ;
DreamHack Winter 2013;2013-11-30T11:00:00.000Z;Planetkey  ;
DreamHack Winter 2013;2013-11-30T11:00:00.000Z;Envy       ;
DreamHack Winter 2013;2013-11-30T11:00:00.000Z;Keyd       ;
DreamHack Winter 2013;2013-11-30T11:00:00.000Z;TSM        ;
DreamHack Winter 2013;2013-11-30T11:00:00.000Z;CLG        ;
DreamHack Winter 2013;2013-11-30T11:00:00.000Z;Luminosity ;
DreamHack Winter 2013;2013-11-30T11:00:00.000Z;Kinguin    ;
DreamHack Winter 2013;2013-11-30T11:00:00.000Z;Renegades  ;
DreamHack Winter 2013;2013-11-30T11:00:00.000Z;Immunity   ;
DreamHack Winter 2013;2013-11-30T11:00:00.000Z;eBettle    ;
DreamHack Winter 2013;2013-11-30T11:00:00.000Z;G2         ;
DreamHack Winter 2013;2013-11-30T11:00:00.000Z;Liquid     ;
DreamHack Winter 2013;2013-11-30T11:00:00.000Z;Vexed      ;
DreamHack Winter 2013;2013-11-30T11:00:00.000Z;Astralis   ;
DreamHack Winter 2013;2013-11-30T11:00:00.000Z;Gambit     ;
DreamHack Winter 2013;2013-11-30T11:00:00.000Z;FaZe       ;
DreamHack Winter 2013;2013-11-30T11:00:00.000Z;Splyce     ;
DreamHack Winter 2013;2013-11-30T11:00:00.000Z;OpTic      ;
DreamHack Winter 2013;2013-11-30T11:00:00.000Z;North      ;
DreamHack Winter 2013;2013-11-30T11:00:00.000Z;GODSENT    ;
DreamHack Winter 2013;2013-11-30T11:00:00.000Z;Immortals  ;
DreamHack Winter 2013;2013-11-30T11:00:00.000Z;BIG        ;
DreamHack Winter 2013;2013-11-30T11:00:00.000Z;MIBR       ;
DreamHack Winter 2013;2013-11-30T11:00:00.000Z;TYLOO      ;
DreamHack Winter 2013;2013-11-30T11:00:00.000Z;Winstrike  ;
DreamHack Winter 2013;2013-11-30T11:00:00.000Z;ENCE       ;
DreamHack Winter 2013;2013-11-30T11:00:00.000Z;AVANGAR    ;
DreamHack Winter 2013;2013-11-30T11:00:00.000Z;Vitality   ;
DreamHack Winter 2013;2013-11-30T11:00:00.000Z;NRG        ;
DreamHack Winter 2013;2013-11-30T11:00:00.000Z;CR4ZY      ;
DreamHack Winter 2013;2013-11-30T11:00:00.000Z;DreamEaters;
EMS One Katowice 2014;2014-03-16T11:00:00.000Z;fnatic     ;110000
EMS One Katowice 2014;2014-03-16T11:00:00.000Z;NiP        ;100000
EMS One Katowice 2014;2014-03-16T11:00:00.000Z;VeryGames  ;22000
EMS One Katowice 2014;2014-03-16T11:00:00.000Z;Complexity ;32000
EMS One Katowice 2014;2014-03-16T11:00:00.000Z;LGB        ;32000
EMS One Katowice 2014;2014-03-16T11:00:00.000Z;Recursive  ;10000
EMS One Katowice 2014;2014-03-16T11:00:00.000Z;Reason     ;4000
EMS One Katowice 2014;2014-03-16T11:00:00.000Z;SK         ;2000
EMS One Katowice 2014;2014-03-16T11:00:00.000Z;Xapso      ;2000
EMS One Katowice 2014;2014-03-16T11:00:00.000Z;iBUYPOWER  ;4000
EMS One Katowice 2014;2014-03-16T11:00:00.000Z;Dignitas   ;22000
EMS One Katowice 2014;2014-03-16T11:00:00.000Z;LDLC       ;10000
EMS One Katowice 2014;2014-03-16T11:00:00.000Z;HellRaisers;10000
EMS One Katowice 2014;2014-03-16T11:00:00.000Z;3DMAX      ;2000
EMS One Katowice 2014;2014-03-16T11:00:00.000Z;Titan      ;2000
EMS One Katowice 2014;2014-03-16T11:00:00.000Z;mousesports;2000
EMS One Katowice 2014;2014-03-16T11:00:00.000Z;Cloud9     ;
EMS One Katowice 2014;2014-03-16T11:00:00.000Z;Epsilon    ;
EMS One Katowice 2014;2014-03-16T11:00:00.000Z;Wolves     ;
EMS One Katowice 2014;2014-03-16T11:00:00.000Z;dAT        ;
EMS One Katowice 2014;2014-03-16T11:00:00.000Z;PENTA      ;
EMS One Katowice 2014;2014-03-16T11:00:00.000Z;ESC        ;
EMS One Katowice 2014;2014-03-16T11:00:00.000Z;FlipSid3   ;
EMS One Katowice 2014;2014-03-16T11:00:00.000Z;Bravado    ;
EMS One Katowice 2014;2014-03-16T11:00:00.000Z;myXMG      ;
EMS One Katowice 2014;2014-03-16T11:00:00.000Z;Planetkey  ;
EMS One Katowice 2014;2014-03-16T11:00:00.000Z;Envy       ;
EMS One Katowice 2014;2014-03-16T11:00:00.000Z;Keyd       ;
EMS One Katowice 2014;2014-03-16T11:00:00.000Z;TSM        ;
EMS One Katowice 2014;2014-03-16T11:00:00.000Z;CLG        ;
EMS One Katowice 2014;2014-03-16T11:00:00.000Z;Luminosity ;
EMS One Katowice 2014;2014-03-16T11:00:00.000Z;Kinguin    ;
EMS One Katowice 2014;2014-03-16T11:00:00.000Z;Renegades  ;
EMS One Katowice 2014;2014-03-16T11:00:00.000Z;Immunity   ;
EMS One Katowice 2014;2014-03-16T11:00:00.000Z;eBettle    ;
EMS One Katowice 2014;2014-03-16T11:00:00.000Z;G2         ;
EMS One Katowice 2014;2014-03-16T11:00:00.000Z;Liquid     ;
EMS One Katowice 2014;2014-03-16T11:00:00.000Z;Vexed      ;
EMS One Katowice 2014;2014-03-16T11:00:00.000Z;Astralis   ;
EMS One Katowice 2014;2014-03-16T11:00:00.000Z;Gambit     ;
EMS One Katowice 2014;2014-03-16T11:00:00.000Z;FaZe       ;
EMS One Katowice 2014;2014-03-16T11:00:00.000Z;Splyce     ;
EMS One Katowice 2014;2014-03-16T11:00:00.000Z;OpTic      ;
EMS One Katowice 2014;2014-03-16T11:00:00.000Z;North      ;
EMS One Katowice 2014;2014-03-16T11:00:00.000Z;GODSENT    ;
EMS One Katowice 2014;2014-03-16T11:00:00.000Z;Immortals  ;
EMS One Katowice 2014;2014-03-16T11:00:00.000Z;BIG        ;
EMS One Katowice 2014;2014-03-16T11:00:00.000Z;MIBR       ;
EMS One Katowice 2014;2014-03-16T11:00:00.000Z;TYLOO      ;
EMS One Katowice 2014;2014-03-16T11:00:00.000Z;Winstrike  ;
EMS One Katowice 2014;2014-03-16T11:00:00.000Z;ENCE       ;
EMS One Katowice 2014;2014-03-16T11:00:00.000Z;AVANGAR    ;
EMS One Katowice 2014;2014-03-16T11:00:00.000Z;Vitality   ;
EMS One Katowice 2014;2014-03-16T11:00:00.000Z;NRG        ;
EMS One Katowice 2014;2014-03-16T11:00:00.000Z;CR4ZY      ;
EMS One Katowice 2014;2014-03-16T11:00:00.000Z;DreamEaters;
ESL One Cologne 2014;2014-08-17T10:00:00.000Z;fnatic     ;160000
ESL One Cologne 2014;2014-08-17T10:00:00.000Z;NiP        ;200000
ESL One Cologne 2014;2014-08-17T10:00:00.000Z;VeryGames  ;22000
ESL One Cologne 2014;2014-08-17T10:00:00.000Z;Complexity ;32000
ESL One Cologne 2014;2014-08-17T10:00:00.000Z;LGB        ;32000
ESL One Cologne 2014;2014-08-17T10:00:00.000Z;Recursive  ;10000
ESL One Cologne 2014;2014-08-17T10:00:00.000Z;Reason     ;4000
ESL One Cologne 2014;2014-08-17T10:00:00.000Z;SK         ;2000
ESL One Cologne 2014;2014-08-17T10:00:00.000Z;Xapso      ;2000
ESL One Cologne 2014;2014-08-17T10:00:00.000Z;iBUYPOWER  ;6000
ESL One Cologne 2014;2014-08-17T10:00:00.000Z;Dignitas   ;44000
ESL One Cologne 2014;2014-08-17T10:00:00.000Z;LDLC       ;32000
ESL One Cologne 2014;2014-08-17T10:00:00.000Z;HellRaisers;12000
ESL One Cologne 2014;2014-08-17T10:00:00.000Z;3DMAX      ;2000
ESL One Cologne 2014;2014-08-17T10:00:00.000Z;Titan      ;4000
ESL One Cologne 2014;2014-08-17T10:00:00.000Z;mousesports;2000
ESL One Cologne 2014;2014-08-17T10:00:00.000Z;Cloud9     ;10000
ESL One Cologne 2014;2014-08-17T10:00:00.000Z;Epsilon    ;10000
ESL One Cologne 2014;2014-08-17T10:00:00.000Z;Wolves     ;2000
ESL One Cologne 2014;2014-08-17T10:00:00.000Z;dAT        ;2000
ESL One Cologne 2014;2014-08-17T10:00:00.000Z;PENTA      ;
ESL One Cologne 2014;2014-08-17T10:00:00.000Z;ESC        ;
ESL One Cologne 2014;2014-08-17T10:00:00.000Z;FlipSid3   ;
ESL One Cologne 2014;2014-08-17T10:00:00.000Z;Bravado    ;
ESL One Cologne 2014;2014-08-17T10:00:00.000Z;myXMG      ;
ESL One Cologne 2014;2014-08-17T10:00:00.000Z;Planetkey  ;
ESL One Cologne 2014;2014-08-17T10:00:00.000Z;Envy       ;
ESL One Cologne 2014;2014-08-17T10:00:00.000Z;Keyd       ;
ESL One Cologne 2014;2014-08-17T10:00:00.000Z;TSM        ;
ESL One Cologne 2014;2014-08-17T10:00:00.000Z;CLG        ;
ESL One Cologne 2014;2014-08-17T10:00:00.000Z;Luminosity ;
ESL One Cologne 2014;2014-08-17T10:00:00.000Z;Kinguin    ;
ESL One Cologne 2014;2014-08-17T10:00:00.000Z;Renegades  ;
ESL One Cologne 2014;2014-08-17T10:00:00.000Z;Immunity   ;
ESL One Cologne 2014;2014-08-17T10:00:00.000Z;eBettle    ;
ESL One Cologne 2014;2014-08-17T10:00:00.000Z;G2         ;
ESL One Cologne 2014;2014-08-17T10:00:00.000Z;Liquid     ;
ESL One Cologne 2014;2014-08-17T10:00:00.000Z;Vexed      ;
ESL One Cologne 2014;2014-08-17T10:00:00.000Z;Astralis   ;
ESL One Cologne 2014;2014-08-17T10:00:00.000Z;Gambit     ;
ESL One Cologne 2014;2014-08-17T10:00:00.000Z;FaZe       ;
ESL One Cologne 2014;2014-08-17T10:00:00.000Z;Splyce     ;
ESL One Cologne 2014;2014-08-17T10:00:00.000Z;OpTic      ;
ESL One Cologne 2014;2014-08-17T10:00:00.000Z;North      ;
ESL One Cologne 2014;2014-08-17T10:00:00.000Z;GODSENT    ;
ESL One Cologne 2014;2014-08-17T10:00:00.000Z;Immortals  ;
ESL One Cologne 2014;2014-08-17T10:00:00.000Z;BIG        ;
ESL One Cologne 2014;2014-08-17T10:00:00.000Z;MIBR       ;
ESL One Cologne 2014;2014-08-17T10:00:00.000Z;TYLOO      ;
ESL One Cologne 2014;2014-08-17T10:00:00.000Z;Winstrike  ;
ESL One Cologne 2014;2014-08-17T10:00:00.000Z;ENCE       ;
ESL One Cologne 2014;2014-08-17T10:00:00.000Z;AVANGAR    ;
ESL One Cologne 2014;2014-08-17T10:00:00.000Z;Vitality   ;
ESL One Cologne 2014;2014-08-17T10:00:00.000Z;NRG        ;
ESL One Cologne 2014;2014-08-17T10:00:00.000Z;CR4ZY      ;
ESL One Cologne 2014;2014-08-17T10:00:00.000Z;DreamEaters;
DreamHack Winter 2014;2014-11-29T11:00:00.000Z;fnatic     ;170000
DreamHack Winter 2014;2014-11-29T11:00:00.000Z;NiP        ;250000
DreamHack Winter 2014;2014-11-29T11:00:00.000Z;VeryGames  ;22000
DreamHack Winter 2014;2014-11-29T11:00:00.000Z;Complexity ;32000
DreamHack Winter 2014;2014-11-29T11:00:00.000Z;LGB        ;32000
DreamHack Winter 2014;2014-11-29T11:00:00.000Z;Recursive  ;10000
DreamHack Winter 2014;2014-11-29T11:00:00.000Z;Reason     ;4000
DreamHack Winter 2014;2014-11-29T11:00:00.000Z;SK         ;2000
DreamHack Winter 2014;2014-11-29T11:00:00.000Z;Xapso      ;2000
DreamHack Winter 2014;2014-11-29T11:00:00.000Z;iBUYPOWER  ;8000
DreamHack Winter 2014;2014-11-29T11:00:00.000Z;Dignitas   ;54000
DreamHack Winter 2014;2014-11-29T11:00:00.000Z;LDLC       ;132000
DreamHack Winter 2014;2014-11-29T11:00:00.000Z;HellRaisers;22000
DreamHack Winter 2014;2014-11-29T11:00:00.000Z;3DMAX      ;2000
DreamHack Winter 2014;2014-11-29T11:00:00.000Z;Titan      ;4000
DreamHack Winter 2014;2014-11-29T11:00:00.000Z;mousesports;2000
DreamHack Winter 2014;2014-11-29T11:00:00.000Z;Cloud9     ;12000
DreamHack Winter 2014;2014-11-29T11:00:00.000Z;Epsilon    ;10000
DreamHack Winter 2014;2014-11-29T11:00:00.000Z;Wolves     ;2000
DreamHack Winter 2014;2014-11-29T11:00:00.000Z;dAT        ;2000
DreamHack Winter 2014;2014-11-29T11:00:00.000Z;PENTA      ;10000
DreamHack Winter 2014;2014-11-29T11:00:00.000Z;ESC        ;2000
DreamHack Winter 2014;2014-11-29T11:00:00.000Z;FlipSid3   ;2000
DreamHack Winter 2014;2014-11-29T11:00:00.000Z;Bravado    ;2000
DreamHack Winter 2014;2014-11-29T11:00:00.000Z;myXMG      ;2000
DreamHack Winter 2014;2014-11-29T11:00:00.000Z;Planetkey  ;2000
DreamHack Winter 2014;2014-11-29T11:00:00.000Z;Envy       ;
DreamHack Winter 2014;2014-11-29T11:00:00.000Z;Keyd       ;
DreamHack Winter 2014;2014-11-29T11:00:00.000Z;TSM        ;
DreamHack Winter 2014;2014-11-29T11:00:00.000Z;CLG        ;
DreamHack Winter 2014;2014-11-29T11:00:00.000Z;Luminosity ;
DreamHack Winter 2014;2014-11-29T11:00:00.000Z;Kinguin    ;
DreamHack Winter 2014;2014-11-29T11:00:00.000Z;Renegades  ;
DreamHack Winter 2014;2014-11-29T11:00:00.000Z;Immunity   ;
DreamHack Winter 2014;2014-11-29T11:00:00.000Z;eBettle    ;
DreamHack Winter 2014;2014-11-29T11:00:00.000Z;G2         ;
DreamHack Winter 2014;2014-11-29T11:00:00.000Z;Liquid     ;
DreamHack Winter 2014;2014-11-29T11:00:00.000Z;Vexed      ;
DreamHack Winter 2014;2014-11-29T11:00:00.000Z;Astralis   ;
DreamHack Winter 2014;2014-11-29T11:00:00.000Z;Gambit     ;
DreamHack Winter 2014;2014-11-29T11:00:00.000Z;FaZe       ;
DreamHack Winter 2014;2014-11-29T11:00:00.000Z;Splyce     ;
DreamHack Winter 2014;2014-11-29T11:00:00.000Z;OpTic      ;
DreamHack Winter 2014;2014-11-29T11:00:00.000Z;North      ;
DreamHack Winter 2014;2014-11-29T11:00:00.000Z;GODSENT    ;
DreamHack Winter 2014;2014-11-29T11:00:00.000Z;Immortals  ;
DreamHack Winter 2014;2014-11-29T11:00:00.000Z;BIG        ;
DreamHack Winter 2014;2014-11-29T11:00:00.000Z;MIBR       ;
DreamHack Winter 2014;2014-11-29T11:00:00.000Z;TYLOO      ;
DreamHack Winter 2014;2014-11-29T11:00:00.000Z;Winstrike  ;
DreamHack Winter 2014;2014-11-29T11:00:00.000Z;ENCE       ;
DreamHack Winter 2014;2014-11-29T11:00:00.000Z;AVANGAR    ;
DreamHack Winter 2014;2014-11-29T11:00:00.000Z;Vitality   ;
DreamHack Winter 2014;2014-11-29T11:00:00.000Z;NRG        ;
DreamHack Winter 2014;2014-11-29T11:00:00.000Z;CR4ZY      ;
DreamHack Winter 2014;2014-11-29T11:00:00.000Z;DreamEaters;
ESL One Katowice 2015;2015-03-15T11:00:00.000Z;fnatic     ;270000
ESL One Katowice 2015;2015-03-15T11:00:00.000Z;NiP        ;300000
ESL One Katowice 2015;2015-03-15T11:00:00.000Z;VeryGames  ;22000
ESL One Katowice 2015;2015-03-15T11:00:00.000Z;Complexity ;32000
ESL One Katowice 2015;2015-03-15T11:00:00.000Z;LGB        ;34000
ESL One Katowice 2015;2015-03-15T11:00:00.000Z;Recursive  ;10000
ESL One Katowice 2015;2015-03-15T11:00:00.000Z;Reason     ;4000
ESL One Katowice 2015;2015-03-15T11:00:00.000Z;SK         ;2000
ESL One Katowice 2015;2015-03-15T11:00:00.000Z;Xapso      ;2000
ESL One Katowice 2015;2015-03-15T11:00:00.000Z;iBUYPOWER  ;8000
ESL One Katowice 2015;2015-03-15T11:00:00.000Z;Dignitas   ;54000
ESL One Katowice 2015;2015-03-15T11:00:00.000Z;LDLC       ;132000
ESL One Katowice 2015;2015-03-15T11:00:00.000Z;HellRaisers;24000
ESL One Katowice 2015;2015-03-15T11:00:00.000Z;3DMAX      ;4000
ESL One Katowice 2015;2015-03-15T11:00:00.000Z;Titan      ;6000
ESL One Katowice 2015;2015-03-15T11:00:00.000Z;mousesports;2000
ESL One Katowice 2015;2015-03-15T11:00:00.000Z;Cloud9     ;14000
ESL One Katowice 2015;2015-03-15T11:00:00.000Z;Epsilon    ;10000
ESL One Katowice 2015;2015-03-15T11:00:00.000Z;Wolves     ;2000
ESL One Katowice 2015;2015-03-15T11:00:00.000Z;dAT        ;2000
ESL One Katowice 2015;2015-03-15T11:00:00.000Z;PENTA      ;20000
ESL One Katowice 2015;2015-03-15T11:00:00.000Z;ESC        ;2000
ESL One Katowice 2015;2015-03-15T11:00:00.000Z;FlipSid3   ;4000
ESL One Katowice 2015;2015-03-15T11:00:00.000Z;Bravado    ;2000
ESL One Katowice 2015;2015-03-15T11:00:00.000Z;myXMG      ;2000
ESL One Katowice 2015;2015-03-15T11:00:00.000Z;Planetkey  ;2000
ESL One Katowice 2015;2015-03-15T11:00:00.000Z;Envy       ;22000
ESL One Katowice 2015;2015-03-15T11:00:00.000Z;Keyd       ;10000
ESL One Katowice 2015;2015-03-15T11:00:00.000Z;TSM        ;10000
ESL One Katowice 2015;2015-03-15T11:00:00.000Z;CLG        ;2000
ESL One Katowice 2015;2015-03-15T11:00:00.000Z;Luminosity ;
ESL One Katowice 2015;2015-03-15T11:00:00.000Z;Kinguin    ;
ESL One Katowice 2015;2015-03-15T11:00:00.000Z;Renegades  ;
ESL One Katowice 2015;2015-03-15T11:00:00.000Z;Immunity   ;
ESL One Katowice 2015;2015-03-15T11:00:00.000Z;eBettle    ;
ESL One Katowice 2015;2015-03-15T11:00:00.000Z;G2         ;
ESL One Katowice 2015;2015-03-15T11:00:00.000Z;Liquid     ;
ESL One Katowice 2015;2015-03-15T11:00:00.000Z;Vexed      ;
ESL One Katowice 2015;2015-03-15T11:00:00.000Z;Astralis   ;
ESL One Katowice 2015;2015-03-15T11:00:00.000Z;Gambit     ;
ESL One Katowice 2015;2015-03-15T11:00:00.000Z;FaZe       ;
ESL One Katowice 2015;2015-03-15T11:00:00.000Z;Splyce     ;
ESL One Katowice 2015;2015-03-15T11:00:00.000Z;OpTic      ;
ESL One Katowice 2015;2015-03-15T11:00:00.000Z;North      ;
ESL One Katowice 2015;2015-03-15T11:00:00.000Z;GODSENT    ;
ESL One Katowice 2015;2015-03-15T11:00:00.000Z;Immortals  ;
ESL One Katowice 2015;2015-03-15T11:00:00.000Z;BIG        ;
ESL One Katowice 2015;2015-03-15T11:00:00.000Z;MIBR       ;
ESL One Katowice 2015;2015-03-15T11:00:00.000Z;TYLOO      ;
ESL One Katowice 2015;2015-03-15T11:00:00.000Z;Winstrike  ;
ESL One Katowice 2015;2015-03-15T11:00:00.000Z;ENCE       ;
ESL One Katowice 2015;2015-03-15T11:00:00.000Z;AVANGAR    ;
ESL One Katowice 2015;2015-03-15T11:00:00.000Z;Vitality   ;
ESL One Katowice 2015;2015-03-15T11:00:00.000Z;NRG        ;
ESL One Katowice 2015;2015-03-15T11:00:00.000Z;CR4ZY      ;
ESL One Katowice 2015;2015-03-15T11:00:00.000Z;DreamEaters;
ESL One Cologne 2015;2015-08-23T10:00:00.000Z;fnatic     ;370000
ESL One Cologne 2015;2015-08-23T10:00:00.000Z;NiP        ;310000
ESL One Cologne 2015;2015-08-23T10:00:00.000Z;VeryGames  ;22000
ESL One Cologne 2015;2015-08-23T10:00:00.000Z;Complexity ;32000
ESL One Cologne 2015;2015-08-23T10:00:00.000Z;LGB        ;34000
ESL One Cologne 2015;2015-08-23T10:00:00.000Z;Recursive  ;10000
ESL One Cologne 2015;2015-08-23T10:00:00.000Z;Reason     ;4000
ESL One Cologne 2015;2015-08-23T10:00:00.000Z;SK         ;2000
ESL One Cologne 2015;2015-08-23T10:00:00.000Z;Xapso      ;2000
ESL One Cologne 2015;2015-08-23T10:00:00.000Z;iBUYPOWER  ;8000
ESL One Cologne 2015;2015-08-23T10:00:00.000Z;Dignitas   ;54000
ESL One Cologne 2015;2015-08-23T10:00:00.000Z;LDLC       ;132000
ESL One Cologne 2015;2015-08-23T10:00:00.000Z;HellRaisers;24000
ESL One Cologne 2015;2015-08-23T10:00:00.000Z;3DMAX      ;4000
ESL One Cologne 2015;2015-08-23T10:00:00.000Z;Titan      ;8000
ESL One Cologne 2015;2015-08-23T10:00:00.000Z;mousesports;4000
ESL One Cologne 2015;2015-08-23T10:00:00.000Z;Cloud9     ;16000
ESL One Cologne 2015;2015-08-23T10:00:00.000Z;Epsilon    ;10000
ESL One Cologne 2015;2015-08-23T10:00:00.000Z;Wolves     ;2000
ESL One Cologne 2015;2015-08-23T10:00:00.000Z;dAT        ;2000
ESL One Cologne 2015;2015-08-23T10:00:00.000Z;PENTA      ;20000
ESL One Cologne 2015;2015-08-23T10:00:00.000Z;ESC        ;2000
ESL One Cologne 2015;2015-08-23T10:00:00.000Z;FlipSid3   ;6000
ESL One Cologne 2015;2015-08-23T10:00:00.000Z;Bravado    ;2000
ESL One Cologne 2015;2015-08-23T10:00:00.000Z;myXMG      ;2000
ESL One Cologne 2015;2015-08-23T10:00:00.000Z;Planetkey  ;2000
ESL One Cologne 2015;2015-08-23T10:00:00.000Z;Envy       ;72000
ESL One Cologne 2015;2015-08-23T10:00:00.000Z;Keyd       ;10000
ESL One Cologne 2015;2015-08-23T10:00:00.000Z;TSM        ;32000
ESL One Cologne 2015;2015-08-23T10:00:00.000Z;CLG        ;4000
ESL One Cologne 2015;2015-08-23T10:00:00.000Z;Luminosity ;10000
ESL One Cologne 2015;2015-08-23T10:00:00.000Z;Kinguin    ;10000
ESL One Cologne 2015;2015-08-23T10:00:00.000Z;Renegades  ;2000
ESL One Cologne 2015;2015-08-23T10:00:00.000Z;Immunity   ;2000
ESL One Cologne 2015;2015-08-23T10:00:00.000Z;eBettle    ;2000
ESL One Cologne 2015;2015-08-23T10:00:00.000Z;G2         ;
ESL One Cologne 2015;2015-08-23T10:00:00.000Z;Liquid     ;
ESL One Cologne 2015;2015-08-23T10:00:00.000Z;Vexed      ;
ESL One Cologne 2015;2015-08-23T10:00:00.000Z;Astralis   ;
ESL One Cologne 2015;2015-08-23T10:00:00.000Z;Gambit     ;
ESL One Cologne 2015;2015-08-23T10:00:00.000Z;FaZe       ;
ESL One Cologne 2015;2015-08-23T10:00:00.000Z;Splyce     ;
ESL One Cologne 2015;2015-08-23T10:00:00.000Z;OpTic      ;
ESL One Cologne 2015;2015-08-23T10:00:00.000Z;North      ;
ESL One Cologne 2015;2015-08-23T10:00:00.000Z;GODSENT    ;
ESL One Cologne 2015;2015-08-23T10:00:00.000Z;Immortals  ;
ESL One Cologne 2015;2015-08-23T10:00:00.000Z;BIG        ;
ESL One Cologne 2015;2015-08-23T10:00:00.000Z;MIBR       ;
ESL One Cologne 2015;2015-08-23T10:00:00.000Z;TYLOO      ;
ESL One Cologne 2015;2015-08-23T10:00:00.000Z;Winstrike  ;
ESL One Cologne 2015;2015-08-23T10:00:00.000Z;ENCE       ;
ESL One Cologne 2015;2015-08-23T10:00:00.000Z;AVANGAR    ;
ESL One Cologne 2015;2015-08-23T10:00:00.000Z;Vitality   ;
ESL One Cologne 2015;2015-08-23T10:00:00.000Z;NRG        ;
ESL One Cologne 2015;2015-08-23T10:00:00.000Z;CR4ZY      ;
ESL One Cologne 2015;2015-08-23T10:00:00.000Z;DreamEaters;
DreamHack Open Cluj-Napoca 2015;2015-11-01T11:00:00.000Z;fnatic     ;380000
DreamHack Open Cluj-Napoca 2015;2015-11-01T11:00:00.000Z;NiP        ;332000
DreamHack Open Cluj-Napoca 2015;2015-11-01T11:00:00.000Z;VeryGames  ;22000
DreamHack Open Cluj-Napoca 2015;2015-11-01T11:00:00.000Z;Complexity ;32000
DreamHack Open Cluj-Napoca 2015;2015-11-01T11:00:00.000Z;LGB        ;34000
DreamHack Open Cluj-Napoca 2015;2015-11-01T11:00:00.000Z;Recursive  ;10000
DreamHack Open Cluj-Napoca 2015;2015-11-01T11:00:00.000Z;Reason     ;4000
DreamHack Open Cluj-Napoca 2015;2015-11-01T11:00:00.000Z;SK         ;2000
DreamHack Open Cluj-Napoca 2015;2015-11-01T11:00:00.000Z;Xapso      ;2000
DreamHack Open Cluj-Napoca 2015;2015-11-01T11:00:00.000Z;iBUYPOWER  ;8000
DreamHack Open Cluj-Napoca 2015;2015-11-01T11:00:00.000Z;Dignitas   ;56000
DreamHack Open Cluj-Napoca 2015;2015-11-01T11:00:00.000Z;LDLC       ;132000
DreamHack Open Cluj-Napoca 2015;2015-11-01T11:00:00.000Z;HellRaisers;24000
DreamHack Open Cluj-Napoca 2015;2015-11-01T11:00:00.000Z;3DMAX      ;4000
DreamHack Open Cluj-Napoca 2015;2015-11-01T11:00:00.000Z;Titan      ;10000
DreamHack Open Cluj-Napoca 2015;2015-11-01T11:00:00.000Z;mousesports;6000
DreamHack Open Cluj-Napoca 2015;2015-11-01T11:00:00.000Z;Cloud9     ;18000
DreamHack Open Cluj-Napoca 2015;2015-11-01T11:00:00.000Z;Epsilon    ;10000
DreamHack Open Cluj-Napoca 2015;2015-11-01T11:00:00.000Z;Wolves     ;2000
DreamHack Open Cluj-Napoca 2015;2015-11-01T11:00:00.000Z;dAT        ;2000
DreamHack Open Cluj-Napoca 2015;2015-11-01T11:00:00.000Z;PENTA      ;20000
DreamHack Open Cluj-Napoca 2015;2015-11-01T11:00:00.000Z;ESC        ;2000
DreamHack Open Cluj-Napoca 2015;2015-11-01T11:00:00.000Z;FlipSid3   ;8000
DreamHack Open Cluj-Napoca 2015;2015-11-01T11:00:00.000Z;Bravado    ;2000
DreamHack Open Cluj-Napoca 2015;2015-11-01T11:00:00.000Z;myXMG      ;2000
DreamHack Open Cluj-Napoca 2015;2015-11-01T11:00:00.000Z;Planetkey  ;2000
DreamHack Open Cluj-Napoca 2015;2015-11-01T11:00:00.000Z;Envy       ;172000
DreamHack Open Cluj-Napoca 2015;2015-11-01T11:00:00.000Z;Keyd       ;10000
DreamHack Open Cluj-Napoca 2015;2015-11-01T11:00:00.000Z;TSM        ;42000
DreamHack Open Cluj-Napoca 2015;2015-11-01T11:00:00.000Z;CLG        ;6000
DreamHack Open Cluj-Napoca 2015;2015-11-01T11:00:00.000Z;Luminosity ;20000
DreamHack Open Cluj-Napoca 2015;2015-11-01T11:00:00.000Z;Kinguin    ;10000
DreamHack Open Cluj-Napoca 2015;2015-11-01T11:00:00.000Z;Renegades  ;2000
DreamHack Open Cluj-Napoca 2015;2015-11-01T11:00:00.000Z;Immunity   ;2000
DreamHack Open Cluj-Napoca 2015;2015-11-01T11:00:00.000Z;eBettle    ;2000
DreamHack Open Cluj-Napoca 2015;2015-11-01T11:00:00.000Z;G2         ;22000
DreamHack Open Cluj-Napoca 2015;2015-11-01T11:00:00.000Z;Liquid     ;2000
DreamHack Open Cluj-Napoca 2015;2015-11-01T11:00:00.000Z;Vexed      ;2000
DreamHack Open Cluj-Napoca 2015;2015-11-01T11:00:00.000Z;Astralis   ;
DreamHack Open Cluj-Napoca 2015;2015-11-01T11:00:00.000Z;Gambit     ;
DreamHack Open Cluj-Napoca 2015;2015-11-01T11:00:00.000Z;FaZe       ;
DreamHack Open Cluj-Napoca 2015;2015-11-01T11:00:00.000Z;Splyce     ;
DreamHack Open Cluj-Napoca 2015;2015-11-01T11:00:00.000Z;OpTic      ;
DreamHack Open Cluj-Napoca 2015;2015-11-01T11:00:00.000Z;North      ;
DreamHack Open Cluj-Napoca 2015;2015-11-01T11:00:00.000Z;GODSENT    ;
DreamHack Open Cluj-Napoca 2015;2015-11-01T11:00:00.000Z;Immortals  ;
DreamHack Open Cluj-Napoca 2015;2015-11-01T11:00:00.000Z;BIG        ;
DreamHack Open Cluj-Napoca 2015;2015-11-01T11:00:00.000Z;MIBR       ;
DreamHack Open Cluj-Napoca 2015;2015-11-01T11:00:00.000Z;TYLOO      ;
DreamHack Open Cluj-Napoca 2015;2015-11-01T11:00:00.000Z;Winstrike  ;
DreamHack Open Cluj-Napoca 2015;2015-11-01T11:00:00.000Z;ENCE       ;
DreamHack Open Cluj-Napoca 2015;2015-11-01T11:00:00.000Z;AVANGAR    ;
DreamHack Open Cluj-Napoca 2015;2015-11-01T11:00:00.000Z;Vitality   ;
DreamHack Open Cluj-Napoca 2015;2015-11-01T11:00:00.000Z;NRG        ;
DreamHack Open Cluj-Napoca 2015;2015-11-01T11:00:00.000Z;CR4ZY      ;
DreamHack Open Cluj-Napoca 2015;2015-11-01T11:00:00.000Z;DreamEaters;
MLG Columbus 2016;2016-04-03T10:00:00.000Z;fnatic     ;415000
MLG Columbus 2016;2016-04-03T10:00:00.000Z;NiP        ;367000
MLG Columbus 2016;2016-04-03T10:00:00.000Z;VeryGames  ;22000
MLG Columbus 2016;2016-04-03T10:00:00.000Z;Complexity ;32000
MLG Columbus 2016;2016-04-03T10:00:00.000Z;LGB        ;34000
MLG Columbus 2016;2016-04-03T10:00:00.000Z;Recursive  ;10000
MLG Columbus 2016;2016-04-03T10:00:00.000Z;Reason     ;4000
MLG Columbus 2016;2016-04-03T10:00:00.000Z;SK         ;2000
MLG Columbus 2016;2016-04-03T10:00:00.000Z;Xapso      ;2000
MLG Columbus 2016;2016-04-03T10:00:00.000Z;iBUYPOWER  ;8000
MLG Columbus 2016;2016-04-03T10:00:00.000Z;Dignitas   ;56000
MLG Columbus 2016;2016-04-03T10:00:00.000Z;LDLC       ;132000
MLG Columbus 2016;2016-04-03T10:00:00.000Z;HellRaisers;24000
MLG Columbus 2016;2016-04-03T10:00:00.000Z;3DMAX      ;4000
MLG Columbus 2016;2016-04-03T10:00:00.000Z;Titan      ;10000
MLG Columbus 2016;2016-04-03T10:00:00.000Z;mousesports;14750
MLG Columbus 2016;2016-04-03T10:00:00.000Z;Cloud9     ;26750
MLG Columbus 2016;2016-04-03T10:00:00.000Z;Epsilon    ;10000
MLG Columbus 2016;2016-04-03T10:00:00.000Z;Wolves     ;2000
MLG Columbus 2016;2016-04-03T10:00:00.000Z;dAT        ;2000
MLG Columbus 2016;2016-04-03T10:00:00.000Z;PENTA      ;20000
MLG Columbus 2016;2016-04-03T10:00:00.000Z;ESC        ;2000
MLG Columbus 2016;2016-04-03T10:00:00.000Z;FlipSid3   ;16750
MLG Columbus 2016;2016-04-03T10:00:00.000Z;Bravado    ;2000
MLG Columbus 2016;2016-04-03T10:00:00.000Z;myXMG      ;2000
MLG Columbus 2016;2016-04-03T10:00:00.000Z;Planetkey  ;2000
MLG Columbus 2016;2016-04-03T10:00:00.000Z;Envy       ;180750
MLG Columbus 2016;2016-04-03T10:00:00.000Z;Keyd       ;10000
MLG Columbus 2016;2016-04-03T10:00:00.000Z;TSM        ;42000
MLG Columbus 2016;2016-04-03T10:00:00.000Z;CLG        ;41000
MLG Columbus 2016;2016-04-03T10:00:00.000Z;Luminosity ;520000
MLG Columbus 2016;2016-04-03T10:00:00.000Z;Kinguin    ;10000
MLG Columbus 2016;2016-04-03T10:00:00.000Z;Renegades  ;2000
MLG Columbus 2016;2016-04-03T10:00:00.000Z;Immunity   ;2000
MLG Columbus 2016;2016-04-03T10:00:00.000Z;eBettle    ;2000
MLG Columbus 2016;2016-04-03T10:00:00.000Z;G2         ;30750
MLG Columbus 2016;2016-04-03T10:00:00.000Z;Liquid     ;72000
MLG Columbus 2016;2016-04-03T10:00:00.000Z;Vexed      ;2000
MLG Columbus 2016;2016-04-03T10:00:00.000Z;Astralis   ;70000
MLG Columbus 2016;2016-04-03T10:00:00.000Z;Gambit     ;8750
MLG Columbus 2016;2016-04-03T10:00:00.000Z;FaZe       ;8750
MLG Columbus 2016;2016-04-03T10:00:00.000Z;Splyce     ;8750
MLG Columbus 2016;2016-04-03T10:00:00.000Z;OpTic      ;
MLG Columbus 2016;2016-04-03T10:00:00.000Z;North      ;
MLG Columbus 2016;2016-04-03T10:00:00.000Z;GODSENT    ;
MLG Columbus 2016;2016-04-03T10:00:00.000Z;Immortals  ;
MLG Columbus 2016;2016-04-03T10:00:00.000Z;BIG        ;
MLG Columbus 2016;2016-04-03T10:00:00.000Z;MIBR       ;
MLG Columbus 2016;2016-04-03T10:00:00.000Z;TYLOO      ;
MLG Columbus 2016;2016-04-03T10:00:00.000Z;Winstrike  ;
MLG Columbus 2016;2016-04-03T10:00:00.000Z;ENCE       ;
MLG Columbus 2016;2016-04-03T10:00:00.000Z;AVANGAR    ;
MLG Columbus 2016;2016-04-03T10:00:00.000Z;Vitality   ;
MLG Columbus 2016;2016-04-03T10:00:00.000Z;NRG        ;
MLG Columbus 2016;2016-04-03T10:00:00.000Z;CR4ZY      ;
MLG Columbus 2016;2016-04-03T10:00:00.000Z;DreamEaters;
ESL One Cologne 2016;2016-07-10T10:00:00.000Z;fnatic     ;485000
ESL One Cologne 2016;2016-07-10T10:00:00.000Z;NiP        ;375750
ESL One Cologne 2016;2016-07-10T10:00:00.000Z;VeryGames  ;22000
ESL One Cologne 2016;2016-07-10T10:00:00.000Z;Complexity ;32000
ESL One Cologne 2016;2016-07-10T10:00:00.000Z;LGB        ;34000
ESL One Cologne 2016;2016-07-10T10:00:00.000Z;Recursive  ;10000
ESL One Cologne 2016;2016-07-10T10:00:00.000Z;Reason     ;4000
ESL One Cologne 2016;2016-07-10T10:00:00.000Z;SK         ;502000
ESL One Cologne 2016;2016-07-10T10:00:00.000Z;Xapso      ;2000
ESL One Cologne 2016;2016-07-10T10:00:00.000Z;iBUYPOWER  ;8000
ESL One Cologne 2016;2016-07-10T10:00:00.000Z;Dignitas   ;64750
ESL One Cologne 2016;2016-07-10T10:00:00.000Z;LDLC       ;132000
ESL One Cologne 2016;2016-07-10T10:00:00.000Z;HellRaisers;24000
ESL One Cologne 2016;2016-07-10T10:00:00.000Z;3DMAX      ;4000
ESL One Cologne 2016;2016-07-10T10:00:00.000Z;Titan      ;10000
ESL One Cologne 2016;2016-07-10T10:00:00.000Z;mousesports;23500
ESL One Cologne 2016;2016-07-10T10:00:00.000Z;Cloud9     ;26750
ESL One Cologne 2016;2016-07-10T10:00:00.000Z;Epsilon    ;10000
ESL One Cologne 2016;2016-07-10T10:00:00.000Z;Wolves     ;2000
ESL One Cologne 2016;2016-07-10T10:00:00.000Z;dAT        ;2000
ESL One Cologne 2016;2016-07-10T10:00:00.000Z;PENTA      ;20000
ESL One Cologne 2016;2016-07-10T10:00:00.000Z;ESC        ;2000
ESL One Cologne 2016;2016-07-10T10:00:00.000Z;FlipSid3   ;51750
ESL One Cologne 2016;2016-07-10T10:00:00.000Z;Bravado    ;2000
ESL One Cologne 2016;2016-07-10T10:00:00.000Z;myXMG      ;2000
ESL One Cologne 2016;2016-07-10T10:00:00.000Z;Planetkey  ;2000
ESL One Cologne 2016;2016-07-10T10:00:00.000Z;Envy       ;189500
ESL One Cologne 2016;2016-07-10T10:00:00.000Z;Keyd       ;10000
ESL One Cologne 2016;2016-07-10T10:00:00.000Z;TSM        ;42000
ESL One Cologne 2016;2016-07-10T10:00:00.000Z;CLG        ;49750
ESL One Cologne 2016;2016-07-10T10:00:00.000Z;Luminosity ;520000
ESL One Cologne 2016;2016-07-10T10:00:00.000Z;Kinguin    ;10000
ESL One Cologne 2016;2016-07-10T10:00:00.000Z;Renegades  ;2000
ESL One Cologne 2016;2016-07-10T10:00:00.000Z;Immunity   ;2000
ESL One Cologne 2016;2016-07-10T10:00:00.000Z;eBettle    ;2000
ESL One Cologne 2016;2016-07-10T10:00:00.000Z;G2         ;39500
ESL One Cologne 2016;2016-07-10T10:00:00.000Z;Liquid     ;222000
ESL One Cologne 2016;2016-07-10T10:00:00.000Z;Vexed      ;2000
ESL One Cologne 2016;2016-07-10T10:00:00.000Z;Astralis   ;105000
ESL One Cologne 2016;2016-07-10T10:00:00.000Z;Gambit     ;43750
ESL One Cologne 2016;2016-07-10T10:00:00.000Z;FaZe       ;17500
ESL One Cologne 2016;2016-07-10T10:00:00.000Z;Splyce     ;8750
ESL One Cologne 2016;2016-07-10T10:00:00.000Z;OpTic      ;8750
ESL One Cologne 2016;2016-07-10T10:00:00.000Z;North      ;
ESL One Cologne 2016;2016-07-10T10:00:00.000Z;GODSENT    ;
ESL One Cologne 2016;2016-07-10T10:00:00.000Z;Immortals  ;
ESL One Cologne 2016;2016-07-10T10:00:00.000Z;BIG        ;
ESL One Cologne 2016;2016-07-10T10:00:00.000Z;MIBR       ;
ESL One Cologne 2016;2016-07-10T10:00:00.000Z;TYLOO      ;
ESL One Cologne 2016;2016-07-10T10:00:00.000Z;Winstrike  ;
ESL One Cologne 2016;2016-07-10T10:00:00.000Z;ENCE       ;
ESL One Cologne 2016;2016-07-10T10:00:00.000Z;AVANGAR    ;
ESL One Cologne 2016;2016-07-10T10:00:00.000Z;Vitality   ;
ESL One Cologne 2016;2016-07-10T10:00:00.000Z;NRG        ;
ESL One Cologne 2016;2016-07-10T10:00:00.000Z;CR4ZY      ;
ESL One Cologne 2016;2016-07-10T10:00:00.000Z;DreamEaters;
ELEAGUE Major 2017;2017-01-29T11:00:00.000Z;fnatic     ;555000
ELEAGUE Major 2017;2017-01-29T11:00:00.000Z;NiP        ;375750
ELEAGUE Major 2017;2017-01-29T11:00:00.000Z;VeryGames  ;22000
ELEAGUE Major 2017;2017-01-29T11:00:00.000Z;Complexity ;32000
ELEAGUE Major 2017;2017-01-29T11:00:00.000Z;LGB        ;34000
ELEAGUE Major 2017;2017-01-29T11:00:00.000Z;Recursive  ;10000
ELEAGUE Major 2017;2017-01-29T11:00:00.000Z;Reason     ;4000
ELEAGUE Major 2017;2017-01-29T11:00:00.000Z;SK         ;572000
ELEAGUE Major 2017;2017-01-29T11:00:00.000Z;Xapso      ;2000
ELEAGUE Major 2017;2017-01-29T11:00:00.000Z;iBUYPOWER  ;8000
ELEAGUE Major 2017;2017-01-29T11:00:00.000Z;Dignitas   ;64750
ELEAGUE Major 2017;2017-01-29T11:00:00.000Z;LDLC       ;132000
ELEAGUE Major 2017;2017-01-29T11:00:00.000Z;HellRaisers;32750
ELEAGUE Major 2017;2017-01-29T11:00:00.000Z;3DMAX      ;4000
ELEAGUE Major 2017;2017-01-29T11:00:00.000Z;Titan      ;10000
ELEAGUE Major 2017;2017-01-29T11:00:00.000Z;mousesports;32250
ELEAGUE Major 2017;2017-01-29T11:00:00.000Z;Cloud9     ;26750
ELEAGUE Major 2017;2017-01-29T11:00:00.000Z;Epsilon    ;10000
ELEAGUE Major 2017;2017-01-29T11:00:00.000Z;Wolves     ;2000
ELEAGUE Major 2017;2017-01-29T11:00:00.000Z;dAT        ;2000
ELEAGUE Major 2017;2017-01-29T11:00:00.000Z;PENTA      ;20000
ELEAGUE Major 2017;2017-01-29T11:00:00.000Z;ESC        ;2000
ELEAGUE Major 2017;2017-01-29T11:00:00.000Z;FlipSid3   ;60500
ELEAGUE Major 2017;2017-01-29T11:00:00.000Z;Bravado    ;2000
ELEAGUE Major 2017;2017-01-29T11:00:00.000Z;myXMG      ;2000
ELEAGUE Major 2017;2017-01-29T11:00:00.000Z;Planetkey  ;2000
ELEAGUE Major 2017;2017-01-29T11:00:00.000Z;Envy       ;198250
ELEAGUE Major 2017;2017-01-29T11:00:00.000Z;Keyd       ;10000
ELEAGUE Major 2017;2017-01-29T11:00:00.000Z;TSM        ;42000
ELEAGUE Major 2017;2017-01-29T11:00:00.000Z;CLG        ;49750
ELEAGUE Major 2017;2017-01-29T11:00:00.000Z;Luminosity ;520000
ELEAGUE Major 2017;2017-01-29T11:00:00.000Z;Kinguin    ;10000
ELEAGUE Major 2017;2017-01-29T11:00:00.000Z;Renegades  ;2000
ELEAGUE Major 2017;2017-01-29T11:00:00.000Z;Immunity   ;2000
ELEAGUE Major 2017;2017-01-29T11:00:00.000Z;eBettle    ;2000
ELEAGUE Major 2017;2017-01-29T11:00:00.000Z;G2         ;48250
ELEAGUE Major 2017;2017-01-29T11:00:00.000Z;Liquid     ;230750
ELEAGUE Major 2017;2017-01-29T11:00:00.000Z;Vexed      ;2000
ELEAGUE Major 2017;2017-01-29T11:00:00.000Z;Astralis   ;605000
ELEAGUE Major 2017;2017-01-29T11:00:00.000Z;Gambit     ;78750
ELEAGUE Major 2017;2017-01-29T11:00:00.000Z;FaZe       ;52500
ELEAGUE Major 2017;2017-01-29T11:00:00.000Z;Splyce     ;8750
ELEAGUE Major 2017;2017-01-29T11:00:00.000Z;OpTic      ;17500
ELEAGUE Major 2017;2017-01-29T11:00:00.000Z;North      ;35000
ELEAGUE Major 2017;2017-01-29T11:00:00.000Z;GODSENT    ;8750
ELEAGUE Major 2017;2017-01-29T11:00:00.000Z;Immortals  ;
ELEAGUE Major 2017;2017-01-29T11:00:00.000Z;BIG        ;
ELEAGUE Major 2017;2017-01-29T11:00:00.000Z;MIBR       ;
ELEAGUE Major 2017;2017-01-29T11:00:00.000Z;TYLOO      ;
ELEAGUE Major 2017;2017-01-29T11:00:00.000Z;Winstrike  ;
ELEAGUE Major 2017;2017-01-29T11:00:00.000Z;ENCE       ;
ELEAGUE Major 2017;2017-01-29T11:00:00.000Z;AVANGAR    ;
ELEAGUE Major 2017;2017-01-29T11:00:00.000Z;Vitality   ;
ELEAGUE Major 2017;2017-01-29T11:00:00.000Z;NRG        ;
ELEAGUE Major 2017;2017-01-29T11:00:00.000Z;CR4ZY      ;
ELEAGUE Major 2017;2017-01-29T11:00:00.000Z;DreamEaters;
PGL Major Krakow 2017;2017-07-23T10:00:00.000Z;fnatic     ;590000
PGL Major Krakow 2017;2017-07-23T10:00:00.000Z;NiP        ;375750
PGL Major Krakow 2017;2017-07-23T10:00:00.000Z;VeryGames  ;22000
PGL Major Krakow 2017;2017-07-23T10:00:00.000Z;Complexity ;32000
PGL Major Krakow 2017;2017-07-23T10:00:00.000Z;LGB        ;34000
PGL Major Krakow 2017;2017-07-23T10:00:00.000Z;Recursive  ;10000
PGL Major Krakow 2017;2017-07-23T10:00:00.000Z;Reason     ;4000
PGL Major Krakow 2017;2017-07-23T10:00:00.000Z;SK         ;607000
PGL Major Krakow 2017;2017-07-23T10:00:00.000Z;Xapso      ;2000
PGL Major Krakow 2017;2017-07-23T10:00:00.000Z;iBUYPOWER  ;8000
PGL Major Krakow 2017;2017-07-23T10:00:00.000Z;Dignitas   ;64750
PGL Major Krakow 2017;2017-07-23T10:00:00.000Z;LDLC       ;132000
PGL Major Krakow 2017;2017-07-23T10:00:00.000Z;HellRaisers;32750
PGL Major Krakow 2017;2017-07-23T10:00:00.000Z;3DMAX      ;4000
PGL Major Krakow 2017;2017-07-23T10:00:00.000Z;Titan      ;10000
PGL Major Krakow 2017;2017-07-23T10:00:00.000Z;mousesports;41000
PGL Major Krakow 2017;2017-07-23T10:00:00.000Z;Cloud9     ;35500
PGL Major Krakow 2017;2017-07-23T10:00:00.000Z;Epsilon    ;10000
PGL Major Krakow 2017;2017-07-23T10:00:00.000Z;Wolves     ;2000
PGL Major Krakow 2017;2017-07-23T10:00:00.000Z;dAT        ;2000
PGL Major Krakow 2017;2017-07-23T10:00:00.000Z;PENTA      ;28750
PGL Major Krakow 2017;2017-07-23T10:00:00.000Z;ESC        ;2000
PGL Major Krakow 2017;2017-07-23T10:00:00.000Z;FlipSid3   ;69250
PGL Major Krakow 2017;2017-07-23T10:00:00.000Z;Bravado    ;2000
PGL Major Krakow 2017;2017-07-23T10:00:00.000Z;myXMG      ;2000
PGL Major Krakow 2017;2017-07-23T10:00:00.000Z;Planetkey  ;2000
PGL Major Krakow 2017;2017-07-23T10:00:00.000Z;Envy       ;198250
PGL Major Krakow 2017;2017-07-23T10:00:00.000Z;Keyd       ;10000
PGL Major Krakow 2017;2017-07-23T10:00:00.000Z;TSM        ;42000
PGL Major Krakow 2017;2017-07-23T10:00:00.000Z;CLG        ;49750
PGL Major Krakow 2017;2017-07-23T10:00:00.000Z;Luminosity ;520000
PGL Major Krakow 2017;2017-07-23T10:00:00.000Z;Kinguin    ;10000
PGL Major Krakow 2017;2017-07-23T10:00:00.000Z;Renegades  ;2000
PGL Major Krakow 2017;2017-07-23T10:00:00.000Z;Immunity   ;2000
PGL Major Krakow 2017;2017-07-23T10:00:00.000Z;eBettle    ;2000
PGL Major Krakow 2017;2017-07-23T10:00:00.000Z;G2         ;57000
PGL Major Krakow 2017;2017-07-23T10:00:00.000Z;Liquid     ;230750
PGL Major Krakow 2017;2017-07-23T10:00:00.000Z;Vexed      ;2000
PGL Major Krakow 2017;2017-07-23T10:00:00.000Z;Astralis   ;675000
PGL Major Krakow 2017;2017-07-23T10:00:00.000Z;Gambit     ;578750
PGL Major Krakow 2017;2017-07-23T10:00:00.000Z;FaZe       ;61250
PGL Major Krakow 2017;2017-07-23T10:00:00.000Z;Splyce     ;8750
PGL Major Krakow 2017;2017-07-23T10:00:00.000Z;OpTic      ;17500
PGL Major Krakow 2017;2017-07-23T10:00:00.000Z;North      ;70000
PGL Major Krakow 2017;2017-07-23T10:00:00.000Z;GODSENT    ;8750
PGL Major Krakow 2017;2017-07-23T10:00:00.000Z;Immortals  ;150000
PGL Major Krakow 2017;2017-07-23T10:00:00.000Z;BIG        ;35000
PGL Major Krakow 2017;2017-07-23T10:00:00.000Z;MIBR       ;
PGL Major Krakow 2017;2017-07-23T10:00:00.000Z;TYLOO      ;
PGL Major Krakow 2017;2017-07-23T10:00:00.000Z;Winstrike  ;
PGL Major Krakow 2017;2017-07-23T10:00:00.000Z;ENCE       ;
PGL Major Krakow 2017;2017-07-23T10:00:00.000Z;AVANGAR    ;
PGL Major Krakow 2017;2017-07-23T10:00:00.000Z;Vitality   ;
PGL Major Krakow 2017;2017-07-23T10:00:00.000Z;NRG        ;
PGL Major Krakow 2017;2017-07-23T10:00:00.000Z;CR4ZY      ;
PGL Major Krakow 2017;2017-07-23T10:00:00.000Z;DreamEaters;
ELEAGUE Major 2018;2018-01-28T11:00:00.000Z;fnatic     ;625000
ELEAGUE Major 2018;2018-01-28T11:00:00.000Z;NiP        ;375750
ELEAGUE Major 2018;2018-01-28T11:00:00.000Z;VeryGames  ;22000
ELEAGUE Major 2018;2018-01-28T11:00:00.000Z;Complexity ;32000
ELEAGUE Major 2018;2018-01-28T11:00:00.000Z;LGB        ;34000
ELEAGUE Major 2018;2018-01-28T11:00:00.000Z;Recursive  ;10000
ELEAGUE Major 2018;2018-01-28T11:00:00.000Z;Reason     ;4000
ELEAGUE Major 2018;2018-01-28T11:00:00.000Z;SK         ;677000
ELEAGUE Major 2018;2018-01-28T11:00:00.000Z;Xapso      ;2000
ELEAGUE Major 2018;2018-01-28T11:00:00.000Z;iBUYPOWER  ;8000
ELEAGUE Major 2018;2018-01-28T11:00:00.000Z;Dignitas   ;64750
ELEAGUE Major 2018;2018-01-28T11:00:00.000Z;LDLC       ;132000
ELEAGUE Major 2018;2018-01-28T11:00:00.000Z;HellRaisers;32750
ELEAGUE Major 2018;2018-01-28T11:00:00.000Z;3DMAX      ;4000
ELEAGUE Major 2018;2018-01-28T11:00:00.000Z;Titan      ;10000
ELEAGUE Major 2018;2018-01-28T11:00:00.000Z;mousesports;76000
ELEAGUE Major 2018;2018-01-28T11:00:00.000Z;Cloud9     ;535500
ELEAGUE Major 2018;2018-01-28T11:00:00.000Z;Epsilon    ;10000
ELEAGUE Major 2018;2018-01-28T11:00:00.000Z;Wolves     ;2000
ELEAGUE Major 2018;2018-01-28T11:00:00.000Z;dAT        ;2000
ELEAGUE Major 2018;2018-01-28T11:00:00.000Z;PENTA      ;28750
ELEAGUE Major 2018;2018-01-28T11:00:00.000Z;ESC        ;2000
ELEAGUE Major 2018;2018-01-28T11:00:00.000Z;FlipSid3   ;69250
ELEAGUE Major 2018;2018-01-28T11:00:00.000Z;Bravado    ;2000
ELEAGUE Major 2018;2018-01-28T11:00:00.000Z;myXMG      ;2000
ELEAGUE Major 2018;2018-01-28T11:00:00.000Z;Planetkey  ;2000
ELEAGUE Major 2018;2018-01-28T11:00:00.000Z;Envy       ;198250
ELEAGUE Major 2018;2018-01-28T11:00:00.000Z;Keyd       ;10000
ELEAGUE Major 2018;2018-01-28T11:00:00.000Z;TSM        ;42000
ELEAGUE Major 2018;2018-01-28T11:00:00.000Z;CLG        ;49750
ELEAGUE Major 2018;2018-01-28T11:00:00.000Z;Luminosity ;520000
ELEAGUE Major 2018;2018-01-28T11:00:00.000Z;Kinguin    ;10000
ELEAGUE Major 2018;2018-01-28T11:00:00.000Z;Renegades  ;2000
ELEAGUE Major 2018;2018-01-28T11:00:00.000Z;Immunity   ;2000
ELEAGUE Major 2018;2018-01-28T11:00:00.000Z;eBettle    ;2000
ELEAGUE Major 2018;2018-01-28T11:00:00.000Z;G2         ;92000
ELEAGUE Major 2018;2018-01-28T11:00:00.000Z;Liquid     ;239500
ELEAGUE Major 2018;2018-01-28T11:00:00.000Z;Vexed      ;2000
ELEAGUE Major 2018;2018-01-28T11:00:00.000Z;Astralis   ;683750
ELEAGUE Major 2018;2018-01-28T11:00:00.000Z;Gambit     ;587500
ELEAGUE Major 2018;2018-01-28T11:00:00.000Z;FaZe       ;211250
ELEAGUE Major 2018;2018-01-28T11:00:00.000Z;Splyce     ;8750
ELEAGUE Major 2018;2018-01-28T11:00:00.000Z;OpTic      ;17500
ELEAGUE Major 2018;2018-01-28T11:00:00.000Z;North      ;78750
ELEAGUE Major 2018;2018-01-28T11:00:00.000Z;GODSENT    ;8750
ELEAGUE Major 2018;2018-01-28T11:00:00.000Z;Immortals  ;150000
ELEAGUE Major 2018;2018-01-28T11:00:00.000Z;BIG        ;43750
ELEAGUE Major 2018;2018-01-28T11:00:00.000Z;MIBR       ;
ELEAGUE Major 2018;2018-01-28T11:00:00.000Z;TYLOO      ;
ELEAGUE Major 2018;2018-01-28T11:00:00.000Z;Winstrike  ;
ELEAGUE Major 2018;2018-01-28T11:00:00.000Z;ENCE       ;
ELEAGUE Major 2018;2018-01-28T11:00:00.000Z;AVANGAR    ;
ELEAGUE Major 2018;2018-01-28T11:00:00.000Z;Vitality   ;
ELEAGUE Major 2018;2018-01-28T11:00:00.000Z;NRG        ;
ELEAGUE Major 2018;2018-01-28T11:00:00.000Z;CR4ZY      ;
ELEAGUE Major 2018;2018-01-28T11:00:00.000Z;DreamEaters;
FACEIT Major 2018;2018-09-23T10:00:00.000Z;fnatic     ;633750
FACEIT Major 2018;2018-09-23T10:00:00.000Z;NiP        ;384500
FACEIT Major 2018;2018-09-23T10:00:00.000Z;VeryGames  ;22000
FACEIT Major 2018;2018-09-23T10:00:00.000Z;Complexity ;67000
FACEIT Major 2018;2018-09-23T10:00:00.000Z;LGB        ;34000
FACEIT Major 2018;2018-09-23T10:00:00.000Z;Recursive  ;10000
FACEIT Major 2018;2018-09-23T10:00:00.000Z;Reason     ;4000
FACEIT Major 2018;2018-09-23T10:00:00.000Z;SK         ;677000
FACEIT Major 2018;2018-09-23T10:00:00.000Z;Xapso      ;2000
FACEIT Major 2018;2018-09-23T10:00:00.000Z;iBUYPOWER  ;8000
FACEIT Major 2018;2018-09-23T10:00:00.000Z;Dignitas   ;64750
FACEIT Major 2018;2018-09-23T10:00:00.000Z;LDLC       ;132000
FACEIT Major 2018;2018-09-23T10:00:00.000Z;HellRaisers;67750
FACEIT Major 2018;2018-09-23T10:00:00.000Z;3DMAX      ;4000
FACEIT Major 2018;2018-09-23T10:00:00.000Z;Titan      ;10000
FACEIT Major 2018;2018-09-23T10:00:00.000Z;mousesports;84750
FACEIT Major 2018;2018-09-23T10:00:00.000Z;Cloud9     ;544250
FACEIT Major 2018;2018-09-23T10:00:00.000Z;Epsilon    ;10000
FACEIT Major 2018;2018-09-23T10:00:00.000Z;Wolves     ;2000
FACEIT Major 2018;2018-09-23T10:00:00.000Z;dAT        ;2000
FACEIT Major 2018;2018-09-23T10:00:00.000Z;PENTA      ;28750
FACEIT Major 2018;2018-09-23T10:00:00.000Z;ESC        ;2000
FACEIT Major 2018;2018-09-23T10:00:00.000Z;FlipSid3   ;69250
FACEIT Major 2018;2018-09-23T10:00:00.000Z;Bravado    ;2000
FACEIT Major 2018;2018-09-23T10:00:00.000Z;myXMG      ;2000
FACEIT Major 2018;2018-09-23T10:00:00.000Z;Planetkey  ;2000
FACEIT Major 2018;2018-09-23T10:00:00.000Z;Envy       ;198250
FACEIT Major 2018;2018-09-23T10:00:00.000Z;Keyd       ;10000
FACEIT Major 2018;2018-09-23T10:00:00.000Z;TSM        ;42000
FACEIT Major 2018;2018-09-23T10:00:00.000Z;CLG        ;49750
FACEIT Major 2018;2018-09-23T10:00:00.000Z;Luminosity ;520000
FACEIT Major 2018;2018-09-23T10:00:00.000Z;Kinguin    ;10000
FACEIT Major 2018;2018-09-23T10:00:00.000Z;Renegades  ;2000
FACEIT Major 2018;2018-09-23T10:00:00.000Z;Immunity   ;2000
FACEIT Major 2018;2018-09-23T10:00:00.000Z;eBettle    ;2000
FACEIT Major 2018;2018-09-23T10:00:00.000Z;G2         ;100750
FACEIT Major 2018;2018-09-23T10:00:00.000Z;Liquid     ;309500
FACEIT Major 2018;2018-09-23T10:00:00.000Z;Vexed      ;2000
FACEIT Major 2018;2018-09-23T10:00:00.000Z;Astralis   ;1183750
FACEIT Major 2018;2018-09-23T10:00:00.000Z;Gambit     ;587500
FACEIT Major 2018;2018-09-23T10:00:00.000Z;FaZe       ;246250
FACEIT Major 2018;2018-09-23T10:00:00.000Z;Splyce     ;8750
FACEIT Major 2018;2018-09-23T10:00:00.000Z;OpTic      ;17500
FACEIT Major 2018;2018-09-23T10:00:00.000Z;North      ;78750
FACEIT Major 2018;2018-09-23T10:00:00.000Z;GODSENT    ;8750
FACEIT Major 2018;2018-09-23T10:00:00.000Z;Immortals  ;150000
FACEIT Major 2018;2018-09-23T10:00:00.000Z;BIG        ;78750
FACEIT Major 2018;2018-09-23T10:00:00.000Z;MIBR       ;70000
FACEIT Major 2018;2018-09-23T10:00:00.000Z;TYLOO      ;8750
FACEIT Major 2018;2018-09-23T10:00:00.000Z;Winstrike  ;8750
FACEIT Major 2018;2018-09-23T10:00:00.000Z;ENCE       ;
FACEIT Major 2018;2018-09-23T10:00:00.000Z;AVANGAR    ;
FACEIT Major 2018;2018-09-23T10:00:00.000Z;Vitality   ;
FACEIT Major 2018;2018-09-23T10:00:00.000Z;NRG        ;
FACEIT Major 2018;2018-09-23T10:00:00.000Z;CR4ZY      ;
FACEIT Major 2018;2018-09-23T10:00:00.000Z;DreamEaters;
IEM Katowice 2019;2019-03-03T11:00:00.000Z;fnatic     ;633750
IEM Katowice 2019;2019-03-03T11:00:00.000Z;NiP        ;419500
IEM Katowice 2019;2019-03-03T11:00:00.000Z;VeryGames  ;22000
IEM Katowice 2019;2019-03-03T11:00:00.000Z;Complexity ;75750
IEM Katowice 2019;2019-03-03T11:00:00.000Z;LGB        ;34000
IEM Katowice 2019;2019-03-03T11:00:00.000Z;Recursive  ;10000
IEM Katowice 2019;2019-03-03T11:00:00.000Z;Reason     ;4000
IEM Katowice 2019;2019-03-03T11:00:00.000Z;SK         ;677000
IEM Katowice 2019;2019-03-03T11:00:00.000Z;Xapso      ;2000
IEM Katowice 2019;2019-03-03T11:00:00.000Z;iBUYPOWER  ;8000
IEM Katowice 2019;2019-03-03T11:00:00.000Z;Dignitas   ;64750
IEM Katowice 2019;2019-03-03T11:00:00.000Z;LDLC       ;132000
IEM Katowice 2019;2019-03-03T11:00:00.000Z;HellRaisers;76500
IEM Katowice 2019;2019-03-03T11:00:00.000Z;3DMAX      ;4000
IEM Katowice 2019;2019-03-03T11:00:00.000Z;Titan      ;10000
IEM Katowice 2019;2019-03-03T11:00:00.000Z;mousesports;84750
IEM Katowice 2019;2019-03-03T11:00:00.000Z;Cloud9     ;553000
IEM Katowice 2019;2019-03-03T11:00:00.000Z;Epsilon    ;10000
IEM Katowice 2019;2019-03-03T11:00:00.000Z;Wolves     ;2000
IEM Katowice 2019;2019-03-03T11:00:00.000Z;dAT        ;2000
IEM Katowice 2019;2019-03-03T11:00:00.000Z;PENTA      ;28750
IEM Katowice 2019;2019-03-03T11:00:00.000Z;ESC        ;2000
IEM Katowice 2019;2019-03-03T11:00:00.000Z;FlipSid3   ;69250
IEM Katowice 2019;2019-03-03T11:00:00.000Z;Bravado    ;2000
IEM Katowice 2019;2019-03-03T11:00:00.000Z;myXMG      ;2000
IEM Katowice 2019;2019-03-03T11:00:00.000Z;Planetkey  ;2000
IEM Katowice 2019;2019-03-03T11:00:00.000Z;Envy       ;198250
IEM Katowice 2019;2019-03-03T11:00:00.000Z;Keyd       ;10000
IEM Katowice 2019;2019-03-03T11:00:00.000Z;TSM        ;42000
IEM Katowice 2019;2019-03-03T11:00:00.000Z;CLG        ;49750
IEM Katowice 2019;2019-03-03T11:00:00.000Z;Luminosity ;520000
IEM Katowice 2019;2019-03-03T11:00:00.000Z;Kinguin    ;10000
IEM Katowice 2019;2019-03-03T11:00:00.000Z;Renegades  ;37000
IEM Katowice 2019;2019-03-03T11:00:00.000Z;Immunity   ;2000
IEM Katowice 2019;2019-03-03T11:00:00.000Z;eBettle    ;2000
IEM Katowice 2019;2019-03-03T11:00:00.000Z;G2         ;109500
IEM Katowice 2019;2019-03-03T11:00:00.000Z;Liquid     ;344500
IEM Katowice 2019;2019-03-03T11:00:00.000Z;Vexed      ;2000
IEM Katowice 2019;2019-03-03T11:00:00.000Z;Astralis   ;1683750
IEM Katowice 2019;2019-03-03T11:00:00.000Z;Gambit     ;587500
IEM Katowice 2019;2019-03-03T11:00:00.000Z;FaZe       ;281250
IEM Katowice 2019;2019-03-03T11:00:00.000Z;Splyce     ;8750
IEM Katowice 2019;2019-03-03T11:00:00.000Z;OpTic      ;17500
IEM Katowice 2019;2019-03-03T11:00:00.000Z;North      ;78750
IEM Katowice 2019;2019-03-03T11:00:00.000Z;GODSENT    ;8750
IEM Katowice 2019;2019-03-03T11:00:00.000Z;Immortals  ;150000
IEM Katowice 2019;2019-03-03T11:00:00.000Z;BIG        ;87500
IEM Katowice 2019;2019-03-03T11:00:00.000Z;MIBR       ;140000
IEM Katowice 2019;2019-03-03T11:00:00.000Z;TYLOO      ;8750
IEM Katowice 2019;2019-03-03T11:00:00.000Z;Winstrike  ;8750
IEM Katowice 2019;2019-03-03T11:00:00.000Z;ENCE       ;150000
IEM Katowice 2019;2019-03-03T11:00:00.000Z;AVANGAR    ;8750
IEM Katowice 2019;2019-03-03T11:00:00.000Z;Vitality   ;8750
IEM Katowice 2019;2019-03-03T11:00:00.000Z;NRG        ;8750
IEM Katowice 2019;2019-03-03T11:00:00.000Z;CR4ZY      ;
IEM Katowice 2019;2019-03-03T11:00:00.000Z;DreamEaters;
StarLadder Major Berlin 2019;2019-09-08T10:00:00.000Z;fnatic     ;633750
StarLadder Major Berlin 2019;2019-09-08T10:00:00.000Z;NiP        ;428250
StarLadder Major Berlin 2019;2019-09-08T10:00:00.000Z;VeryGames  ;22000
StarLadder Major Berlin 2019;2019-09-08T10:00:00.000Z;Complexity ;75750
StarLadder Major Berlin 2019;2019-09-08T10:00:00.000Z;LGB        ;34000
StarLadder Major Berlin 2019;2019-09-08T10:00:00.000Z;Recursive  ;10000
StarLadder Major Berlin 2019;2019-09-08T10:00:00.000Z;Reason     ;4000
StarLadder Major Berlin 2019;2019-09-08T10:00:00.000Z;SK         ;677000
StarLadder Major Berlin 2019;2019-09-08T10:00:00.000Z;Xapso      ;2000
StarLadder Major Berlin 2019;2019-09-08T10:00:00.000Z;iBUYPOWER  ;8000
StarLadder Major Berlin 2019;2019-09-08T10:00:00.000Z;Dignitas   ;64750
StarLadder Major Berlin 2019;2019-09-08T10:00:00.000Z;LDLC       ;132000
StarLadder Major Berlin 2019;2019-09-08T10:00:00.000Z;HellRaisers;76500
StarLadder Major Berlin 2019;2019-09-08T10:00:00.000Z;3DMAX      ;4000
StarLadder Major Berlin 2019;2019-09-08T10:00:00.000Z;Titan      ;10000
StarLadder Major Berlin 2019;2019-09-08T10:00:00.000Z;mousesports;93500
StarLadder Major Berlin 2019;2019-09-08T10:00:00.000Z;Cloud9     ;553000
StarLadder Major Berlin 2019;2019-09-08T10:00:00.000Z;Epsilon    ;10000
StarLadder Major Berlin 2019;2019-09-08T10:00:00.000Z;Wolves     ;2000
StarLadder Major Berlin 2019;2019-09-08T10:00:00.000Z;dAT        ;2000
StarLadder Major Berlin 2019;2019-09-08T10:00:00.000Z;PENTA      ;28750
StarLadder Major Berlin 2019;2019-09-08T10:00:00.000Z;ESC        ;2000
StarLadder Major Berlin 2019;2019-09-08T10:00:00.000Z;FlipSid3   ;69250
StarLadder Major Berlin 2019;2019-09-08T10:00:00.000Z;Bravado    ;2000
StarLadder Major Berlin 2019;2019-09-08T10:00:00.000Z;myXMG      ;2000
StarLadder Major Berlin 2019;2019-09-08T10:00:00.000Z;Planetkey  ;2000
StarLadder Major Berlin 2019;2019-09-08T10:00:00.000Z;Envy       ;198250
StarLadder Major Berlin 2019;2019-09-08T10:00:00.000Z;Keyd       ;10000
StarLadder Major Berlin 2019;2019-09-08T10:00:00.000Z;TSM        ;42000
StarLadder Major Berlin 2019;2019-09-08T10:00:00.000Z;CLG        ;49750
StarLadder Major Berlin 2019;2019-09-08T10:00:00.000Z;Luminosity ;520000
StarLadder Major Berlin 2019;2019-09-08T10:00:00.000Z;Kinguin    ;10000
StarLadder Major Berlin 2019;2019-09-08T10:00:00.000Z;Renegades  ;107000
StarLadder Major Berlin 2019;2019-09-08T10:00:00.000Z;Immunity   ;2000
StarLadder Major Berlin 2019;2019-09-08T10:00:00.000Z;eBettle    ;2000
StarLadder Major Berlin 2019;2019-09-08T10:00:00.000Z;G2         ;118250
StarLadder Major Berlin 2019;2019-09-08T10:00:00.000Z;Liquid     ;379500
StarLadder Major Berlin 2019;2019-09-08T10:00:00.000Z;Vexed      ;2000
StarLadder Major Berlin 2019;2019-09-08T10:00:00.000Z;Astralis   ;2183750
StarLadder Major Berlin 2019;2019-09-08T10:00:00.000Z;Gambit     ;587500
StarLadder Major Berlin 2019;2019-09-08T10:00:00.000Z;FaZe       ;290000
StarLadder Major Berlin 2019;2019-09-08T10:00:00.000Z;Splyce     ;8750
StarLadder Major Berlin 2019;2019-09-08T10:00:00.000Z;OpTic      ;17500
StarLadder Major Berlin 2019;2019-09-08T10:00:00.000Z;North      ;87500
StarLadder Major Berlin 2019;2019-09-08T10:00:00.000Z;GODSENT    ;8750
StarLadder Major Berlin 2019;2019-09-08T10:00:00.000Z;Immortals  ;150000
StarLadder Major Berlin 2019;2019-09-08T10:00:00.000Z;BIG        ;87500
StarLadder Major Berlin 2019;2019-09-08T10:00:00.000Z;MIBR       ;148750
StarLadder Major Berlin 2019;2019-09-08T10:00:00.000Z;TYLOO      ;8750
StarLadder Major Berlin 2019;2019-09-08T10:00:00.000Z;Winstrike  ;8750
StarLadder Major Berlin 2019;2019-09-08T10:00:00.000Z;ENCE       ;185000
StarLadder Major Berlin 2019;2019-09-08T10:00:00.000Z;AVANGAR    ;158750
StarLadder Major Berlin 2019;2019-09-08T10:00:00.000Z;Vitality   ;43750
StarLadder Major Berlin 2019;2019-09-08T10:00:00.000Z;NRG        ;78750
StarLadder Major Berlin 2019;2019-09-08T10:00:00.000Z;CR4ZY      ;8750
StarLadder Major Berlin 2019;2019-09-08T10:00:00.000Z;DreamEaters;8750
